0.3747617110501096,0.5627915934847095,0.06244669546518089,15
0.3484497408310674,0.6428982563547363,0.008652002814196353,20
0.36605901362132276,0.5355695879662148,0.09837139841246248,20
0.34354784888826095,0.6332778197527639,0.023174331358975155,20
0.3222151219063456,0.6602697451253313,0.017515132968323056,15
0.4098660790946804,0.5626427280449615,0.02749119286035808,5
0.3677037402843679,0.626620183340502,0.005676076375130114,20
0.46227000266425955,0.527000933252936,0.010729064082804529,30
0.3003583365730197,0.6742540471393655,0.025387616287614732,20
0.32041484793869646,0.5192228709235227,0.16036228113778084,20
0.4575637492874559,0.5240846292819944,0.018351621430549647,25
0.4583906067250365,0.4739344271004948,0.06767496617446866,5
0.32754220452487176,0.41485171155511696,0.2576060839200113,30
0.30604585624780856,0.6882286081028519,0.005725535649339532,20
0.3150327669991967,0.6353886338830221,0.04957859911778117,5
0.33187693824733416,0.4740273651462171,0.1940956966064488,10
0.3884665554350909,0.524822564586542,0.08671087997836709,30
0.31923214828844215,0.6547055312944787,0.026062320417079086,25
0.3595533736111379,0.5718725059610417,0.06857412042782045,5
0.46568577112921694,0.5240742012367499,0.010240027634033198,10
0.31622880064090964,0.6836616856522617,0.00010951370682867294,5
0.41691281990258233,0.49182695468380155,0.09126022541361606,25
0.3824192860411423,0.5963937841092172,0.021186929849640518,15
0.31722566771200966,0.6485173241587763,0.03425700812921411,25
0.33901301906944303,0.6591788877167939,0.001808093213763034,25
0.3115184976079336,0.502144689238487,0.18633681315357947,20
0.37090170678596346,0.6206315373270546,0.008466755886982027,15
0.34699589335336956,0.6211327789486487,0.03187132769798175,20
0.31170903722328824,0.6075154179843372,0.0807755447923746,5
0.3261513704080947,0.6609950285560687,0.012853601035836593,10
0.43843385710016824,0.5198612925535795,0.04170485034625223,5
0.34986907170755766,0.6363900546477816,0.013740873644660749,25
0.3309760452489797,0.6618233724259965,0.007200582325023739,25
0.3432300355910371,0.477393624780797,0.17937633962816593,15
0.5253995566262106,0.4006898673668971,0.07391057600689238,25
0.47432318821242037,0.466963290393112,0.05871352139446757,10
0.4387854041718918,0.5272571511882477,0.03395744463986052,5
0.3426730505668715,0.6483795261176395,0.008947423315489011,20
0.4185829208681845,0.5395745924975933,0.04184248663422223,25
0.4844635082000361,0.4613897890891954,0.054146702710768525,25
0.39852093135587663,0.5918062065770562,0.009672862067067167,10
0.3084937536476404,0.6881112271315202,0.0033950192208394123,10
0.3950607666003937,0.5850185139311495,0.019920719468456825,25
0.3657624823921851,0.6122936204614248,0.021943897146390078,5
0.33353291259390105,0.6254023390360749,0.04106474837002403,25
0.33751280866654454,0.6266492805003513,0.03583791083310414,25
0.43262090748292953,0.46088322056089553,0.10649587195617495,20
0.30268338111899895,0.6815024367203009,0.01581418216070017,30
0.30247932806699473,0.6050792738123193,0.09244139812068597,30
0.30015672794795967,0.6659530725602443,0.0338901994917961,30
0.4188375569249302,0.5551395967397322,0.026022846335337628,20
0.30374967752939075,0.474042568392522,0.22220775407808724,20
0.3365993142510344,0.555122371965151,0.10827831378381461,20
0.3432538718616718,0.618606904636901,0.0381392235014272,10
0.32070430989403,0.4498121791883207,0.2294835109176493,25
0.3042537587129307,0.692552604146349,0.0031936371407202792,25
0.4778884962692911,0.49733260989282,0.024778893837888925,30
0.4778244807627299,0.47598560764379283,0.046189911593477316,30
0.3004930426638148,0.6736004364193109,0.025906520916874256,25
0.32085481616023737,0.6597193903600611,0.01942579347970156,30
0.30667292506490884,0.6919306489210542,0.001396426014036974,15
0.30048988429515244,0.6814281869751928,0.01808192872965476,5
0.5209174565035002,0.41878418002097945,0.06029836347552032,10
0.35219339040283926,0.6453932989490834,0.0024133106480773332,5
0.44873070634346635,0.5102529082956048,0.04101638536092887,25
0.35975150043936044,0.5201501678743214,0.12009833168631814,30
0.46651346605703414,0.48791553068264104,0.045571003260324844,10
0.43454585919109157,0.48422057686100795,0.08123356394790054,10
0.45394620811835373,0.5060907057661881,0.03996308611545815,15
0.34983939635960104,0.5943995247500112,0.05576107889038774,10
0.350693931654977,0.40690690862052925,0.24239915972449375,15
0.5858617466773761,0.4129498250747838,0.0011884282478400608,30
0.3194169551143272,0.6441833152064128,0.036399729679259946,30
0.3720580671051963,0.5015243122044376,0.12641762069036613,20
0.3240591257252934,0.5839603036618408,0.09198057061286577,5
0.3894327275901681,0.5094824937002531,0.10108477870957874,30
0.38433612499788194,0.5873546353184715,0.02830923968364651,5
0.3954090632189696,0.5499890285601732,0.05460190822085715,15
0.3947760930874665,0.4897887436454608,0.1154351632670727,30
0.3624388805531472,0.5944878493932775,0.04307327005357528,20
0.4033945205793492,0.4909113000584787,0.10569417936217208,5
0.3994736101996664,0.4773817291930595,0.12314466060727414,25
0.4961344463513099,0.4930619127597642,0.010803640888925903,10
0.37649578503639525,0.5569364536810013,0.0665677612826035,15
0.35730210901795956,0.6197088806655315,0.022989010316508938,25
0.4211806022515203,0.5754556812621454,0.0033637164863342976,5
0.3281563579227491,0.6212141171724684,0.05062952490478244,30
0.36440742035743323,0.5022737949344388,0.133318784708128,20
0.4325144489416229,0.45399061833694726,0.11349493272142991,30
0.387024694240482,0.5708833298152044,0.042091975944313596,15
0.3037058778947086,0.49718138251293476,0.19911273959235667,15
0.504799533564825,0.40206369286849425,0.09313677356668086,20
0.30150927316496556,0.6924313512581948,0.006059375576839678,20
0.34917264016680993,0.5659917405290827,0.08483561930410737,5
0.4172847077657277,0.5164069569280898,0.06630833530618252,15
0.30008005094143664,0.5757955357991045,0.12412441325945889,20
0.38327191483684375,0.5903414471927998,0.026386637970356473,5
0.31929117194866186,0.65549816030133,0.025210667750008162,25
0.4695802167587141,0.523177505292718,0.007242277948567925,25
0.370184615669955,0.5862050671531256,0.04361031717691939,5
0.5860682073423364,0.4110243158849474,0.0029074767727160227,5
0.3746092320647034,0.594197889417888,0.031192878517408568,10
0.3707741380503905,0.43110350530617436,0.1981223566434351,25
0.3842764387360694,0.5479615816042537,0.06776197965967695,20
0.38159748218121936,0.5208721955938339,0.09753032222494673,20
0.3301261240202914,0.6111443323130421,0.05872954366666649,20
0.3535576310486886,0.4097142030542487,0.23672816589706272,15
0.31865915085588414,0.6672834578072173,0.01405739133689858,5
0.5501693997754624,0.4105494426105655,0.03928115761397213,15
0.37926540582668133,0.4506982099616267,0.17003638421169195,30
0.3038029093446114,0.6765187754106948,0.01967831524469381,10
0.30979037271093657,0.6533473738968341,0.03686225339222941,15
0.3290595824080127,0.5958085107888526,0.0751319068031348,25
0.3042246777699168,0.5480206948575717,0.14775462737251158,25
0.3377814881622463,0.6451775177886057,0.017040994049148068,5
0.42225622100254784,0.45329492604157556,0.12444885295587656,30
0.4094908467244852,0.4301185262083027,0.16039062706721205,10
0.35893269785257964,0.596615358819517,0.04445194332790338,5
0.3357947692660027,0.5218797215150978,0.14232550921889955,20
0.47618462446793375,0.4678556028768319,0.05595977265523438,15
0.3682542842475504,0.4503318408102484,0.1814138749422012,15
0.43083662389926014,0.5471625649403816,0.022000811160358187,10
0.49090978116840406,0.4555358591119127,0.053554359719683205,30
0.3085736567035152,0.6846803594081233,0.006745983888361458,10
0.3041510825044711,0.6940933054578068,0.001755612037722126,15
0.3766610623977933,0.5091221726307494,0.11421676497145729,10
0.3851658740558005,0.5891377464057541,0.025696379538445373,5
0.3341052090037189,0.553730169596853,0.11216462139942819,10
0.4267914239184889,0.5406474457262176,0.0325611303552935,5
0.3508149231996137,0.5538603244760506,0.0953247523243357,25
0.5073402286925555,0.45681114182540017,0.03584862948204437,30
0.3324414065681488,0.6648681944426555,0.0026903989891956803,25
0.4245072320727587,0.4541368310399511,0.12135593688729022,10
0.3091992217545336,0.6881087077855175,0.0026920704599488732,10
0.3194352629670508,0.6171559352528586,0.06340880178009055,30
0.3038394204611421,0.6148520026557212,0.08130857688313681,25
0.32850648644401936,0.4583179144118784,0.2131755991441022,5
0.3113304214108057,0.637701856290422,0.05096772229877239,30
0.3032542750635986,0.6821653944952747,0.014580330441126723,30
0.37021081986774795,0.6052676092551481,0.024521570877103906,5
0.3502665128877941,0.6311941532366538,0.018539333875552115,30
0.3184488613915156,0.6640728137627956,0.017478324845688835,20
0.5249826714644023,0.40869238171849687,0.06632494681710087,25
0.31024439127666903,0.6895222562821678,0.00023335244116317542,10
0.45072607077139043,0.4589683266256566,0.09030560260295292,5
0.34796812458813675,0.4556453866690323,0.19638648874283096,25
0.3766397371099933,0.5382628895097463,0.0850973733802604,20
0.306576318477518,0.6209759434292462,0.0724477380932358,5
0.43380580169678884,0.5055947696797468,0.060599428623464326,5
0.3304038005054114,0.6072356143555071,0.062360585139081444,10
0.3036206888618689,0.43962830000977804,0.2567510111283531,10
0.3160726578766193,0.6823741743894775,0.001553167733903229,20
0.366815575712728,0.4368514658981844,0.19633295838908754,5
0.3569287869772788,0.640281683104262,0.002789529918459118,25
0.33010364613320287,0.6482513754501968,0.021644978416600253,30
0.47563324936311835,0.5119484238164939,0.012418326820387768,15
0.3154128559417837,0.6838729670144988,0.0007141770437174937,30
0.31923024812521983,0.6719148246467324,0.008854927228047822,30
0.5940281629166358,0.4052085248863484,0.0007633121970158063,15
0.39223360903527194,0.59787591706269,0.009890473902038054,30
0.48220819769003875,0.49793286699974515,0.019858935310216146,25
0.5169119706720815,0.4510328465033637,0.03205518282455481,20
0.30813122533146076,0.6620823228336361,0.029786451834903152,20
0.3275211284110784,0.5900265670811027,0.08245230450781892,5
0.3408557849358772,0.5935969689532412,0.06554724611088157,20
0.3184508461813278,0.5874057336473879,0.0941434201712843,10
0.3007525546406551,0.6001207473706187,0.09912669798872617,10
0.32249031741560985,0.6602216311326068,0.017288051451783408,5
0.45320847148517396,0.5464653033689586,0.00032622514586748826,20
0.444613272414925,0.5550845970058664,0.00030213057920861625,15
0.3079892457405111,0.6725595523038039,0.01945120195568495,20
0.32460764075792287,0.4945955792207662,0.18079678002131097,20
0.30240584177108065,0.6903790996901165,0.007215058538802834,5
0.32011899356031104,0.656744272563822,0.023136733875867017,25
0.3621753029297521,0.5607206075181026,0.07710408955214532,15
0.37388466973770307,0.614495495063728,0.011619835198568929,5
0.31062435385683196,0.6850357974338883,0.004339848709279756,15
0.39485654954383154,0.5335073530079416,0.07163609744822683,20
0.30089310835856153,0.5171631272116016,0.18194376442983684,15
0.4059320091058989,0.4594835500059773,0.13458444088812377,15
0.3582516480087784,0.6044671396257291,0.03728121236549253,20
0.3092282413444202,0.48427215551261427,0.20649960314296562,30
0.3736076571811773,0.5879177899189444,0.038474552899878306,20
0.40941333091067644,0.5858568098505783,0.004729859238745229,10
0.48245358370576097,0.4825891482587291,0.034957268035509914,30
0.5019063038912498,0.48033093246305125,0.017762763645698943,10
0.3768284049874583,0.6111925941230529,0.011979000889488813,10
0.4689661624947803,0.5299600307959149,0.0010738067093047671,30
0.358951983886573,0.6285759946260324,0.012472021487394524,15
0.39923307791714513,0.49197002139211077,0.10879690069074407,10
0.3215281031867461,0.6537345209979868,0.024737375815267176,5
0.3223952240162563,0.44460702338866454,0.23299775259507916,30
0.5596318701252065,0.41469722508428014,0.025670904790513413,20
0.4110556027044434,0.552162087290705,0.036782310004851576,25
0.379284104578391,0.6164441171735139,0.004271778248095053,10
0.34232732535279065,0.5160213472993386,0.14165132734787075,5
0.3032583076089831,0.5516699814853876,0.14507171090562931,15
0.43731362643641697,0.40963818757788256,0.1530481859857004,5
0.46439913856272275,0.44870205344578185,0.08689880799149542,10
0.4460424624937227,0.4627353748351942,0.0912221626710831,10
0.43105452657543647,0.4090886988841665,0.15985677454039704,10
0.4190848635148744,0.510236855482088,0.07067828100303761,15
0.4197434365885717,0.531472077430278,0.048784485981150254,5
0.3355600399199914,0.5915771085442482,0.0728628515357604,25
0.3266868707389564,0.666337879857103,0.0069752494039405704,25
0.3033216436268148,0.6182849099799421,0.07839344639324308,15
0.3020189294325948,0.687720946772191,0.010260123795214184,25
0.30056200267854316,0.6080450707528597,0.09139292656859709,5
0.3129930695347838,0.6582164709964664,0.028790459468749842,5
0.3191980087924442,0.6194826909036129,0.06131930030394292,5
0.5009802180231004,0.4040922155724995,0.09492756640440003,25
0.3029671777189036,0.5954502120983415,0.10158261018275493,25
0.3136490640157147,0.6146191581071422,0.0717317778771431,5
0.38811593139155076,0.43829987292708306,0.17358419568136624,15
0.4119716517674876,0.5821565329984973,0.005871815234014984,5
0.335872951883158,0.6589733533743887,0.005153694742453355,30
0.44328663711424365,0.5304488452000455,0.02626451768571084,25
0.34000438055664006,0.6484660291354332,0.011529590307926767,30
0.4230648829021394,0.5369330470460587,0.0400020700518019,5
0.4134788004979818,0.4323372366924928,0.1541839628095254,15
0.36129034498319235,0.599607646008652,0.03910200900815559,15
0.3543703896809576,0.4382864626237333,0.20734314769530912,10
0.3677734426780862,0.531605960568405,0.10062059675350875,5
0.3425161234596954,0.6522372115695955,0.005246664970709131,30
0.37898175848114246,0.43248976010110085,0.18852848141775672,5
0.34358835729700143,0.5723637892014377,0.08404785350156084,5
0.3953299223549679,0.5627330874464828,0.041936990198549406,15
0.48811482784764626,0.41000674046727303,0.10187843168508076,20
0.3020996908159085,0.6905021566887884,0.007398152495303025,25
0.330786861872462,0.6189326082715463,0.05028052985599175,15
0.36047547798632085,0.5997425678416259,0.039781954172053165,25
0.42166352413024644,0.5069369911648636,0.07139948470489003,10
0.3629845334493829,0.4122466784031868,0.22476878814743034,10
0.30530248038836805,0.5731091371381771,0.12158838247345487,30
0.36078459443544886,0.626852351651567,0.012363053912984047,5
0.43561581573430097,0.46833258335980765,0.09605160090589136,5
0.33382074664766065,0.41054978177932305,0.25562947157301635,15
0.31479147798264195,0.48503048592208187,0.20017803609527618,15
0.3021528414986512,0.6769402152573869,0.020906943243961907,30
0.37452019174360285,0.5700432763141627,0.05543653194223445,5
0.5096104819724012,0.4557520798852322,0.03463743814236659,5
0.3064083183302039,0.5863662458461438,0.10722543582365231,10
0.5538928482977974,0.4450856304390461,0.0010215212631565671,15
0.30765658972265053,0.6788281646892349,0.013515245588114516,30
0.3223434575902986,0.6505737420161042,0.027082800393597284,15
0.33073499113375926,0.5566668702965234,0.11259813856971736,20
0.35010132396824045,0.41159157730663265,0.23830709872512693,5
0.33678984018283065,0.6360474312723332,0.027162728544836156,10
0.34288933363063223,0.6537104065251023,0.0034002598442655387,5
0.3439995354653199,0.5616283691747991,0.09437209535988106,10
0.3345863114695578,0.00906412415057786,0.6563495643798644,5
0.39576390189539723,0.10320202536057918,0.5010340727440236,10
0.41804074536653907,0.1298943476202737,0.4520649070131872,30
0.3026107593742969,0.001214239888346207,0.6961750007373569,15
0.3271575106279786,0.03587927041494332,0.6369632189570781,5
0.41374432367431097,0.02458950163547695,0.5616661746902121,5
0.3380984925276098,0.08694964078075962,0.5749518666916306,15
0.40639500779169574,0.012150164031348762,0.5814548281769555,15
0.3794244613260364,0.0003832523750827947,0.6201922862988808,10
0.3410876385303513,0.07325481552301914,0.5856575459466296,5
0.3191957038694722,0.06119106963804048,0.6196132264924873,15
0.3337479398214135,0.20682204752543118,0.4594300126531553,10
0.3198591187175734,0.020857476346584143,0.6592834049358425,10
0.33635083933965537,0.15504014180843947,0.5086090188519051,5
0.35875537480568964,0.07573353585143525,0.5655110893428751,30
0.37890675381817707,0.07160518987975227,0.5494880563020706,15
0.371866288851158,0.010654738413489729,0.6174789727353522,15
0.3827211808412255,0.010437650143672862,0.6068411690151017,5
0.3143030302328269,0.035932828313190904,0.6497641414539822,10
0.3302881726670242,0.09251080284055706,0.5772010244924187,5
0.31949141012732335,0.006677772128352918,0.6738308177443237,30
0.32235123036658575,0.1251215252702893,0.552527244363125,15
0.4124241743563793,0.11118469593800355,0.47639112970561714,10
0.30027039044590775,0.0017663241355293379,0.6979632854185629,15
0.3002891796043287,0.0030535652298256605,0.6966572551658456,20
0.32309403206287574,0.08776316597537676,0.5891428019617475,15
0.3590203939866553,0.021544417986139347,0.6194351880272053,25
0.38749437023106686,0.039516462800392275,0.5729891669685409,10
0.33620955878150555,0.14592487985207508,0.5178655613664194,10
0.3798360956617559,0.10640495842200007,0.513758945916244,15
0.36485072444914673,0.06589406418994496,0.5692552113609083,5
0.47189453840394896,0.04516942554397425,0.4829360360520768,15
0.5109096282710546,0.057425262041007764,0.4316651096879377,25
0.4697283037770328,0.01266495848072,0.5176067377422472,25
0.49518159908678194,0.02282255340163633,0.48199584751158175,10
0.43171310461696955,0.12801440328828376,0.44027249209474667,5
0.5189146876615724,0.061609728296633186,0.4194755840417944,10
0.431111307547431,0.003610862310316279,0.5652778301422527,15
0.33848354056915797,0.23499175362987365,0.42652470580096835,5
0.305174539373103,0.12109464311628881,0.5737308175106082,30
0.304768135642812,0.09654247235258161,0.5986893920046064,20
0.4193543995774603,0.04895098355015274,0.531694616872387,25
0.32081641004252637,0.2280885652280129,0.4510950247294607,25
0.4648679159217555,0.029944638307133505,0.505187445771111,15
0.3612026453097274,0.11066342723017415,0.5281339274600985,5
0.30946816551629885,0.24433193024062494,0.4461999042430762,30
0.34940366162168224,0.16960391141373554,0.4809924269645822,15
0.44426525062494754,0.06147910832021879,0.49425564105483366,15
0.3397205015595507,0.2374781009762225,0.42280139746422685,30
0.4276793084410721,0.10107491954905783,0.47124577200987006,5
0.4366009949062016,0.004669561717661481,0.558729443376137,30
0.42585948198722695,0.043653123492217116,0.5304873945205559,30
0.3395204464810424,0.20471875468402387,0.45576079883493376,25
0.3020887192898431,0.0061685144226815945,0.6917427662874753,10
0.35802019908343014,0.04815010471676192,0.593829696199808,15
0.3792771788785354,0.0825628860596406,0.538159935061824,30
0.33803575121373436,0.007178016876375805,0.6547862319098898,15
0.31145014828084794,0.19817498754692184,0.4903748641722302,25
0.41003784176938557,0.012571475144800873,0.5773906830858135,5
0.47432001860564843,0.02719359576577063,0.49848638562858094,25
0.3208592659399646,0.006807152055924521,0.6723335820041109,5
0.4800350175217576,0.10673237840970719,0.4132326040685352,10
0.5028308006020817,0.07859950007505401,0.4185696993228643,25
0.3072090567984985,0.0724564525049416,0.6203344906965599,25
0.35667191837402196,0.005772008312230737,0.6375560733137473,25
0.37403382892518544,0.09272843959443014,0.5332377314803844,5
0.36951690799500236,0.19886550736207045,0.4316175846429272,30
0.34836261289493725,0.054307046505325106,0.5973303405997377,30
0.3616045187870507,0.18983673815104343,0.4485587430619059,15
0.33710916279193065,0.04344640892752621,0.6194444282805431,15
0.312396989476766,0.20484443173922018,0.4827585787840139,25
0.3532052299352527,0.024172485973997685,0.6226222840907496,25
0.38524441236578755,0.04910179538326974,0.5656537922509427,20
0.4180043139202144,0.09579506039046926,0.4862006256893164,20
0.43448060885726075,0.0485549769600417,0.5169644141826976,15
0.3653235159255795,0.04899580883169059,0.5856806752427299,15
0.30821167754812756,0.21896599685773038,0.47282232559414206,25
0.4158485525406418,0.004752775660702997,0.5793986717986552,20
0.4397078341389462,0.13847898666161054,0.4218131791994433,30
0.3443950985976424,0.16357349223283002,0.4920314091695276,10
0.3158890129713804,0.054041059383941346,0.6300699276446783,30
0.4690790158526628,0.1086002508448481,0.4223207333024891,15
0.5619736573333074,0.03493203844300746,0.4030943042236852,25
0.44806778102888073,0.058032950813262145,0.4938992681578572,10
0.40056890454912747,0.05443264382788255,0.54499845162299,30
0.3111740389669746,0.20482765744754194,0.48399830358548346,25
0.33595664547798654,0.010113647112905433,0.653929707409108,5
0.46360695645508776,0.09222005619886364,0.4441729873460486,25
0.45383073807532237,0.12235408120899582,0.42381518071568175,10
0.391262788245182,0.12116304377361167,0.48757416798120634,25
0.4192311154251456,0.10715283880731218,0.4736160457675423,30
0.3790915626231086,0.10500317170321638,0.515905265673675,30
0.37574249407584104,0.01294199196786625,0.6113155139562927,10
0.38133045555216716,0.044409696086313954,0.5742598483615189,25
0.33434136625817734,0.09782603921960663,0.567832594522216,20
0.4904502903529963,0.040420979409797456,0.4691287302372062,5
0.41504563673378314,0.0032013549743387056,0.5817530082918781,15
0.509292697796407,0.01832743200790915,0.47237987019568384,15
0.5045249262654544,0.04516408854211814,0.45031098519242746,10
0.3091625028302927,0.0036128077084415225,0.6872246894612658,5
0.32823690698943786,0.021069420526102403,0.6506936724844598,10
0.3272587893168356,0.06764412965713662,0.6050970810260278,5
0.4293870924524442,0.08832887215020568,0.48228403539735004,30
0.36589855430783214,0.021668245744534537,0.6124331999476333,15
0.30669689346942625,0.18744884723140337,0.5058542592991704,20
0.552491806885791,0.021717534109835394,0.4257906590043737,25
0.4335241619109471,0.06399886886324026,0.5024769692258126,25
0.4461562675213298,0.052897003294303406,0.5009467291843668,15
0.37065913597422473,0.059263806259724064,0.5700770577660512,30
0.3300639164889413,0.00809404004961557,0.6618420434614432,10
0.4214627978981291,0.011439478203277956,0.5670977238985929,25
0.43702828956198025,0.11034756056908859,0.45262414986893124,30
0.44174499900955944,0.11839685149847831,0.4398581494919622,25
0.3555615642576224,0.020734576716829423,0.6237038590255481,30
0.3088021051739332,0.00033040424074678835,0.69086749058532,15
0.5025406681900031,0.09653101833437978,0.4009283134756171,30
0.3629122141314791,0.1512407310358843,0.4858470548326365,25
0.39260103084283865,0.027490059657875914,0.5799089094992854,5
0.4555827733054023,0.1315051524748048,0.4129120742197929,30
0.48927971740901843,0.07028760845020375,0.44043267414077786,25
0.3320267849042844,0.11899729238021928,0.5489759227154963,15
0.349755306024765,0.02834505293565858,0.6218996410395764,10
0.33857715103162644,0.05672383078333932,0.6046990181850342,30
0.32840678708287535,0.007628967301270354,0.6639642456158543,5
0.3175258420003769,0.012212338116730403,0.6702618198828927,25
0.37162875000429685,0.11332194752774226,0.5150493024679609,5
0.46165096289297797,0.128082606849039,0.410266430257983,20
0.4226501057581356,0.053523050691040866,0.5238268435508235,5
0.37609607176441784,0.06355560328622836,0.5603483249493538,30
0.4446147053427555,0.05650408996196631,0.49888120469527814,30
0.3676786797395426,0.17011651324333532,0.462204807017122,25
0.3257828383026055,0.0012980077346499027,0.6729191539627446,25
0.38723680281748823,0.016788920223164857,0.5959742769593469,25
0.5122047556669322,0.047567302466413136,0.44022794186665454,15
0.3484200267646516,0.08886435395485277,0.5627156192804956,10
0.4450510789945903,0.026524781649367432,0.5284241393560423,25
0.42331968410013837,0.09450246727789874,0.4821778486219629,15
0.32815341426660505,0.12210548924035834,0.5497410964930366,15
0.4731841002198127,0.00036795946263769574,0.5264479403175496,20
0.31379885544202124,0.010495200044716158,0.6757059445132626,5
0.31973076617198737,0.006097734986128111,0.6741714988418845,15
0.3370638179113703,0.08574859836816094,0.5771875837204687,30
0.3075212097923381,0.021370161486329517,0.6711086287213324,5
0.3796847914425865,0.15858413972834096,0.4617310688290725,20
0.4874798421991603,0.05432120233230465,0.4581989554685351,5
0.393702786348864,0.0047589310275234645,0.6015382826236125,10
0.3109010694079093,0.06997803774842296,0.6191208928436678,25
0.4191057828289822,0.11248877817252252,0.4684054389984953,15
0.41194197714036723,0.03003767297459843,0.5580203498850344,30
0.4822288584635792,0.019042669274306222,0.4987284722621146,10
0.32172776631310934,0.2347597850269298,0.4435124486599608,15
0.36337140470613855,0.013833197218726717,0.6227953980751347,25
0.3766365930904534,0.11889462595488273,0.5044687809546639,10
0.3062847054864515,0.05697507701361948,0.636740217499929,5
0.4062619984937521,0.11511099572309427,0.4786270057831536,25
0.3620009048516243,0.1453253214251411,0.4926737737232346,30
0.30614296151841003,0.047007736731723544,0.6468493017498664,30
0.3937363739738998,0.01996008894395473,0.5863035370821454,5
0.37385639777618507,0.06350681592894772,0.5626367862948672,15
0.4381374846711738,0.03453056195894483,0.5273319533698814,5
0.45916465595545763,0.09699702756618901,0.44383831647835337,20
0.3389412751639596,0.018381424137045948,0.6426773006989944,25
0.305001170483689,0.006806284409285866,0.6881925451070251,15
0.306978867543172,0.003566488555335398,0.6894546439014926,25
0.43953891893578434,0.10409646431700792,0.4563646167472077,30
0.3717355859667909,0.07055149932222912,0.55771291471098,30
0.30872746410973867,0.0268928573806813,0.66437967850958,20
0.32128222165540754,0.058680334471901234,0.6200374438726912,25
0.3123906019659991,0.006487024112015945,0.6811223739219849,15
0.3099906216206195,0.1355009291862227,0.5545084491931578,10
0.3023620146633757,0.002693269087015809,0.6949447162496085,10
0.42892744574508856,0.16918303500597798,0.40188951924893346,10
0.33943465690287095,0.05745452928855606,0.603110813808573,25
0.3088484353584589,0.02286243343993762,0.6682891312016035,20
0.3722437467838219,0.1508881014116175,0.47686815180456066,15
0.3013921671480851,0.006118791788205444,0.6924890410637095,15
0.3246916949723761,0.04307923946022257,0.6322290655674013,25
0.3355623099343597,0.179354285613263,0.48508340445237735,15
0.34134661883625744,0.07191894739262288,0.5867344337711197,25
0.33183409766841526,0.009008321317293944,0.6591575810142908,25
0.3422273260961717,0.02035590137458121,0.6374167725292471,20
0.35121481875382465,0.031866031060914596,0.6169191501852608,25
0.3553256384663915,0.10788985076216745,0.5367845107714411,25
0.3551025485673332,0.0314106573569603,0.6134867940757065,30
0.33602932301544575,0.06917987582104991,0.5947908011635044,25
0.3416075328265745,0.23528850683435917,0.4231039603390663,25
0.435431919011228,0.014624932383214702,0.5499431486055573,30
0.38784138339836793,0.19207860092488868,0.42008001567674336,10
0.3171413607726057,0.02708659885603673,0.6557720403713576,10
0.502257212852786,0.07716822552647194,0.420574561620742,25
0.30252631280490916,0.034592437178062145,0.6628812500170287,15
0.31720515522770193,0.0009101574385408774,0.6818846873337572,25
0.30091599811427633,0.12140215956907026,0.5776818423166534,10
0.31925724752075624,0.012958911019047802,0.667783841460196,30
0.4185400195786581,0.01517393896626335,0.5662860414550785,10
0.339228865510273,0.08264319223714425,0.5781279422525828,5
0.30347241310044676,0.0070114437338925735,0.6895161431656607,15
0.30986063379021866,0.008214978860508922,0.6819243873492724,20
0.36169328106455595,0.09956305560759554,0.5387436633278485,5
0.4682920589725575,0.003775809655259304,0.5279321313721832,25
0.5776834135665935,0.006276175190548822,0.4160404112428577,30
0.30127877668593617,0.040456196969734265,0.6582650263443296,5
0.39816913744366744,0.10543439081943759,0.49639647173689494,30
0.3621553240589683,0.016862499901753755,0.620982176039278,10
0.5544997571892177,0.03065339985885528,0.414846842951927,30
0.3149666074129023,0.04583188524276993,0.6392015073443278,15
0.3668834472479269,0.15337204560311757,0.47974450714895556,5
0.5052151490253212,0.03700118749292951,0.4577836634817494,10
0.3753281922791136,0.17989962599768164,0.44477218172320476,30
0.3707338583272106,0.18866336492184962,0.4406027767509398,15
0.3587022286788881,0.08595134066690056,0.5553464306542113,30
0.4691596016886585,0.0370399130579709,0.4938004852533706,25
0.38223997096478796,0.20712820857853614,0.41063182045667584,25
0.3808913429695345,0.11757810727245459,0.5015305497580109,5
0.44297273563100237,0.1406907014240013,0.4163365629449963,5
0.33241378767839613,0.039918934450278304,0.6276672778713256,5
0.30386301780823566,0.00931553424326491,0.6868214479484994,5
0.3050479702457377,0.010708865810671523,0.6842431639435907,25
0.32556963199388156,0.11514487850234446,0.559285489503774,5
0.31069455998628376,0.028578870962780382,0.6607265690509359,20
0.3326072222993089,0.030221207255963934,0.6371715704447272,20
0.30906792567440977,0.013099994545547,0.6778320797800432,30
0.4859791727202327,0.10250435121661086,0.41151647606315644,15
0.44698093238477404,0.05378466390379748,0.49923440371142846,25
0.4779485558577897,0.09131935725979642,0.4307320868824138,10
0.30989054096894314,0.04798261485266671,0.6421268441783902,10
0.5566860854174207,0.028399319157899033,0.4149145954246803,15
0.5357190643786098,0.016132648038012305,0.4481482875833779,15
0.3121762749371119,0.034683232529911165,0.6531404925329769,15
0.31275261352600614,0.017704810976505427,0.6695425754974884,25
0.4523660353730584,0.14325704020164712,0.4043769244252945,25
0.44686564486559566,0.062512677666154,0.49062167746825036,5
0.37235026946473265,0.0909651665724454,0.5366845639628219,20
0.43272231638978065,0.1088150420529138,0.45846264155730554,25
0.388137388431761,0.013992759570026606,0.5978698519982124,25
0.37351957346738024,0.01938601968661118,0.6070944068460086,20
0.32893911856549557,0.17558063553246467,0.49548024590203976,5
0.4526545190053127,0.0964696917287192,0.450875789265968,10
0.3085705505441978,0.10829976072424394,0.5831296887315582,15
0.3154659458912893,0.08132695155441819,0.6032071025542926,10
0.3698431106567218,0.05776658603337301,0.5723903033099051,25
0.3548974228719694,0.012218578478341144,0.6328839986496895,30
0.3564964054367067,0.00982029974294775,0.6336832948203456,20
0.3121689281335934,0.19925566187598295,0.4885754099904236,30
0.43288321435348226,0.06694108439101425,0.5001757012555035,10
0.4259421230875534,0.05127747551545382,0.5227804013969928,20
0.317137652542668,0.030330821378053402,0.6525315260792786,25
0.4452745007072784,0.030735128250513118,0.5239903710422085,25
0.31714701739257434,0.023293135102292903,0.6595598475051327,25
0.40539415985131294,0.06404499137994772,0.5305608487687393,25
0.6432175595912712,0.8945185783197688,0.04143643030028354,25
0.5184670541843708,-0.07113549520383933,0.17661691688407055,5
0.5867181734585449,1.0699430600706843,0.0011924351331548933,15
0.5286397233168767,-0.15427958842760903,0.08433652835692473,25
0.5629542315388065,1.146780884054071,0.007498704373538151,30
0.6690456425226243,-0.1480340207280586,0.0012531366739875953,5
0.43314334075498573,0.9615761195421795,0.1864579011858791,20
0.522494508889086,-0.019192099033567778,0.05761597949138835,30
0.6177454541382743,0.9860450550654231,0.033147043968144704,5
0.624990700049179,-0.002905653060388147,0.016860597994965084,30
0.4626060072748787,0.8005240474281209,0.2023816056322673,25
0.5522276100242312,0.17410626864560697,0.025369683926272188,20
0.47350589561391365,0.7900082042597696,0.035885527094623504,25
0.6458702500321613,0.1823929349199297,0.02759886082030071,25
0.40284688683498193,0.6280125653164919,0.18959449976357848,15
0.4455625608752624,0.33818928995903763,0.033798144724470555,10
0.6192562455985042,0.6519565650015912,0.009854145039371239,15
0.637506716724737,0.30604153670507606,0.04200189829333275,25
0.6527237820532226,0.6593655722270476,0.034592891067876386,30
0.6840759340992792,0.33211504302033745,0.008519384752614913,10
0.5621584332450302,0.6596891328353054,0.00819582414435721,30
0.6135210470396438,0.2635406758517115,0.07677019131298315,25
0.5628261381932347,0.6432287720426196,0.09323055210566893,10
0.45303389336548655,0.3183870264610652,0.03838420149631518,15
0.5234067590297813,0.569153212119062,0.11245976141987275,5
0.6873302749983142,0.4297478888486368,0.0010988990323011585,20
0.4584530925123399,0.43970610368645335,0.1305460074649099,5
0.45326146234862935,0.47005763534597467,0.09023626096757192,30
0.6958186073089496,0.5274645897940003,0.0024777748600249643,10
0.5488137162855237,0.3529868501984794,0.11954856000752025,5
0.4907475047284837,0.6469662026796562,4.694712186437564e-05,25
0.49269109503286485,0.3128798577338857,0.04015393958645804,30
0.5719045950660704,0.5720254055005345,0.11509473676557984,15
0.5212753079223199,0.33753897457240134,0.09043561992706414,15
0.4812842254352662,0.6007262353869248,0.061734790040673865,20
0.48895752774356105,0.3871839184642839,0.012089846148791257,15
0.5065768977436086,0.5666021601508934,0.04621392138482275,15
0.4251180862746919,0.3144591957360401,0.11893864411306654,10
0.5168777958111562,0.627819729662938,0.05772107460102196,30
0.6788081518749576,0.36195425108960055,0.010226019247461422,10
0.6614526078188028,0.6062822281229668,0.03176352078743257,20
0.6746629749298462,0.38273729893274855,0.010980472944284668,5
0.44332127325550985,0.4482278068496378,0.1690348942176136,5
0.4350194670572999,0.485700001568966,0.06607219158139617,10
0.4114983392651247,0.4767840003584449,0.037515998072589124,10
0.5416256837328266,0.46318516094682904,0.06003083869472604,15
0.4236733217771327,0.31750083830846365,0.21931400074470733,25
0.5363934896122821,0.6626927241635816,0.0198064375279547,10
0.6703973816327278,0.3121052556952836,0.02520202014113481,25
0.5241687376231807,0.6860848687115024,0.0018098755932139555,25
0.4089346035748183,0.20786650371251447,0.10604862757598311,10
0.6888976176730772,0.7827875297343492,0.00934596655313634,5
0.5125128919647685,0.1825089270728838,0.034703543192767035,15
0.4071183911845308,0.7232690077684528,0.09422206515866341,20
0.6097826718364797,0.22020886142947416,0.05652213080207304,5
0.4659367401743778,0.7229902617137716,0.05680087685675429,30
0.5202988157578073,0.20567634288649206,0.0713333953997364,20
0.43670548665290465,0.538421608676019,0.25590204843748904,20
0.44845034649169285,0.3974139960913585,0.06416439523262256,10
0.49712205599031334,0.5197410154477944,0.08284498846084713,25
0.5124219964598377,0.46553809612916286,0.014720888423042776,10
0.6834958002874539,0.5212119670265328,0.013249936844304361,15
0.5260353371806313,0.33653054418360406,0.14225748878986308,25
0.5580645445796546,0.5263838785807143,0.13708557723568165,20
0.49978102835007315,0.3681699439438374,0.10544617747544822,30
0.5276832456467617,0.5107282632082086,0.12110179284795397,15
0.5066116439911031,0.3008258026323639,0.18844593415942748,10
0.6889964816710819,0.6950066089541085,0.004167588413527636,30
0.5482632190368363,0.2989548495513117,0.0060385414945798715,5
0.465512841289191,0.694404002470377,0.006641147978311236,25
0.509990203919431,0.2342589211732099,0.0713370763564131,15
0.46429940344377607,0.6329049944944652,0.1328360843323248,30
0.47288472179597596,0.21781609180206396,0.1492789137034708,5
0.6991815221544848,0.7820641987894489,0.00011970940848718706,20
0.4706447622736926,0.10883476255124613,0.10910103865930504,15
0.5506512042083538,0.7772100495434324,0.11395518790532143,5
0.45348459503005556,0.06825964705372822,0.15453030340283935,30
0.6461422839481358,0.8990256036321773,0.03271474931409442,15
0.5030676739402021,-0.009352551327668102,0.11032694769549076,20
0.5858796504128403,1.007308661867278,0.002043889460389975,30
0.6925642441830548,-0.007454615481116478,0.00014595361383853885,30
0.42747155589122554,0.9137534830686963,0.09370113241242015,10
0.6548761123348661,0.06551806106834923,0.020728455862954423,20
0.6155647946357765,0.863075455444479,0.07140648348717182,30
0.5707493734137958,0.08549018266005681,0.05143436189546423,5
0.5750756954076985,0.7948156721310317,0.11969414520891158,10
0.6582322310842175,0.18661125531283917,0.01857307255612917,30
0.48316247214869684,0.6371379784580509,0.17625076622910996,15
0.44193470590528644,0.1447964572218161,0.218065564320133,5
0.44035586388480846,0.7293343094851608,0.12586923329302308,10
0.6030537587475806,0.24712846936507205,0.023537221149767175,5
0.4104997903374853,0.6965857947462906,0.05628573588863735,5
0.5521653903915497,0.2705413955996947,0.03287280965401472,25
0.6644986073753727,0.6996033939534628,0.029855210446842438,25
0.47098366777912026,0.12222423879053446,0.17817236725600272,30
0.5473556675193877,0.8055338843899442,0.07224187681952135,30
0.4736683114475877,-0.025269989227790335,0.21973610483784617,25
0.5448731532626332,1.0118269697774462,0.013443019450344084,30
0.6792139726946574,-0.02839082131625259,0.0165638515388063,10
0.4840947744038179,0.9730790741233466,0.05531174719290604,25
0.4272655571883731,-0.21791695852795523,0.24483788440460857,5
0.5495700011675293,1.092057171485453,0.12585978704250214,25
0.5625480925790893,-0.12245123966023719,0.030394068174784156,30
0.6538434164646645,1.0852785774104072,0.03717266224982982,15
0.6206982457057098,-0.09464099054385522,0.009362413133447984,25
0.620403951166826,1.0908475210294526,0.0037934695144027516,25
0.5009696433319748,-0.2759831458154448,0.1851356247859922,10
0.625829820855984,1.2393344050214976,0.036648740793947095,25
0.4770730078796739,-0.250832990147715,0.011498585126217382,10
0.4069878547800575,1.1151597765427996,0.13567321360491547,5
0.47917544436240783,-0.11781716861058744,0.0026573920677878393,10
0.45546008312348146,1.0869242161182655,0.030892952492321976,25
0.5039336124636778,-0.14284907577815975,0.05592485965989426,25
0.538455634134114,1.1065724207909393,0.03627665498722031,30
0.6183780438257682,-0.10725745775231155,0.0006850369613722819,5
0.5784722777938155,1.0992570666413128,0.008000391110998699,20
0.6019373289071202,-0.16137017759393557,0.06211311095262268,20
0.4103391728923369,0.9750655110072662,0.1863046665866693,20
0.5887209031938014,0.013456239274601822,0.011478249718131887,30
0.6504759704435212,0.9620433697425963,0.02450039098280193,30
0.5403761199135556,-0.12145362198052512,0.15941025223792885,25
0.4757712109693185,1.0138364030091744,0.1076172189713508,15
0.5640098809210012,-0.13990530147589042,0.12606889846671604,5
0.42672464145007105,0.9284851622241095,0.21142013925178096,5
0.5111876149456525,0.042433574982838396,0.029081262793052124,30
0.5054618076409737,0.8551121694315809,0.1024542555855808,20
0.45034373526360183,0.05873073575011123,0.08615709481830794,20
0.6917809637004623,0.9389972308185378,0.0022720334313509932,20
0.45116775105546103,0.016117294517900782,0.04488547466356136,20
0.4268267718473616,0.8570241064494118,0.12685859903268737,30
0.5912999447952337,0.062199600068109984,0.08077629348247817,15
0.6546176539357584,0.9026714775279022,0.03512892240398782,25
0.5508571153605971,0.09575330354547584,0.0015752189266219567,10
0.6886966478142584,0.8955021301086186,0.008744566345905595,10
0.5239782703896257,-0.004671273843997903,0.10916914373537934,20
0.6018080700915465,0.9201249526899601,0.08454632115403778,5
0.6628997046794993,0.05805078734890634,0.021824259961133623,10
0.5294685405396244,0.7995557276974323,0.14239348495366136,25
0.4033610478163677,0.08658489715195283,0.11385937515061482,15
0.5374304338552001,0.8512528490633003,0.062162253784746775,20
0.6354464582446997,0.09342478846105529,0.05532236247564442,15
0.40369846395723025,0.6557538106748393,0.25082140086410537,30
0.6319700679664279,0.30453632053013313,0.039709868795027574,10
0.5434826813587006,0.5696668154672999,0.12579686400256693,5
0.48017879720458495,0.3208202422214006,0.10951294231129952,30
0.5405633452291558,0.6319897046457236,0.04719005313287581,15
0.6748263361840747,0.3623274894720526,0.005682805882223827,20
0.5820363372009277,0.6234047959503434,0.014267714577603986,15
0.6259793860496486,0.3760434362704689,0.000551767779187772,5
0.462743361538292,0.5588609110039193,0.0650956527256118,20
0.5005865444898827,0.4260264438174397,0.015112645178640935,15
0.48102625088397527,0.4954032497229143,0.078570306459646,25
0.45817801549332166,0.39637822135232637,0.10821852892475932,5
0.5592503249075866,0.5151505919391663,0.08847118670850733,5
0.6236008983053599,0.43060613527693525,0.05424327278389841,20
0.41247177695942644,0.5632408640062961,0.006153000716768573,25
0.6336151432543398,0.4348169653292472,0.0019421706644566382,25
0.4412194466190989,0.5624007484799872,0.002782286190765597,10
0.5939520430149026,0.38789645583955834,0.04970279568045442,25
0.6602351619226543,0.5811778041602795,0.03092574000016213,15
0.5944727920153723,0.36498671891391454,0.053835476925805925,10
0.567208384854619,0.5548826943785995,0.08013058670748598,15
0.5611213996609791,0.3634575606265368,0.08165974499486373,20
0.5375239976873435,0.6169225972579574,0.019619842115505777,10
0.4730787854404767,0.24747681296543755,0.13560058977660505,15
0.6929558611711188,0.746832395087081,0.005690791947481441,15
0.4910758109589526,0.1443208893482144,0.1088467155647046,15
0.6124552178633466,0.7961822237497507,0.059496886902034925,5
0.6995991895510365,0.20347767949555706,0.0003400967546922137,15
0.6692091527225812,0.7903415221488218,0.0061807983556211475,5
0.6383300923236153,0.16375875036222964,0.045899727488948584,25
0.6868816353745333,0.8301836942977661,0.006057555340004315,15
0.4740460798635671,-0.04866025688509645,0.21847656258733045,25
0.5489639172704381,0.987263302790932,0.061396954094164506,30
0.41741652968790915,-0.03304931182327098,0.04578600903233901,30
0.4061277638733987,0.874006024454642,0.15904328736862888,25
0.6227625014351152,0.07617240309569195,0.049821572449666,10
0.5304615484059818,0.8047739884734906,0.1190536084308175,10
0.41556829958294633,-0.02314155916378524,0.2183675706902947,5
0.6139364566458322,0.9776119155944586,0.045529643569326705,25
0.6177580847175959,-0.0003318161286020027,0.02271990053414339,10
0.4157182591818849,0.7728566711602304,0.22747514496837165,25
0.5520764589835401,0.12023134993120899,0.10691197890856068,25
0.6913844635232913,0.8794889057233309,0.0002797443454600968,20
0.5705868818300477,0.11804174066041695,0.0024693536162521076,10
0.49988096879041066,0.7574670416859706,0.12449121765361246,15
0.4517638384998623,0.1009603456277699,0.1415726126862595,30
0.6154105384810796,0.8819926137520403,0.01704704062018985,20
0.5050980886330406,0.021038201384503963,0.09696918486345575,10
0.6247323892869729,0.9329040418589581,0.04605775675653786,5
0.5404548736409691,0.032419461489722634,0.0346764966513192,30
0.5762541468698743,0.8479327969488024,0.11964774156147491,30
0.404959482049094,-0.01268575811120054,0.1647529611623981,20
0.47745852470022127,0.862324260047683,0.1503614980635175,20
0.41753309299241315,-0.13107266135095408,0.2687484013032711,5
0.47848872459451286,0.9448431359961474,0.18622952535480664,30
0.6195759677416773,-0.01943723465080227,0.07459409865465487,15
0.6651331925939723,1.003150712894158,0.01628652175664439,20
0.6903564053501297,-0.003458581143857442,0.00030786824969957725,20
0.510034732278897,0.9562316579103742,0.04722692323348325,20
0.6883871052506647,0.0431721430043972,0.000596199085228521,15
0.521924748059163,0.9545451928537328,0.0022826641418699713,25
0.5877346109065968,0.005797960358811305,0.0396568467874558,25
0.6947143269112317,0.9926167050214262,0.0015853346197625179,5
0.5403350093678284,-0.09442352464550152,0.10180681962407528,20
0.4901018065704262,1.0756950074094445,0.01872851723605706,5
0.5355853178046096,-0.11466134782804915,0.03896634041860464,10
0.5796731811252446,1.079028412375757,0.03563293545229218,5
0.546207585020257,-0.1991736576940687,0.12014524531831172,5
0.46836362662215014,0.9770145975080434,0.2221590601860253,5
0.46574734141357343,-0.09395164857398497,0.11693705106594153,25
0.5859885742474267,1.061398332420204,0.03255331615378091,15
0.43472714096588627,-0.19965920515351665,0.1382608727333125,30
0.4875708478754086,1.0158011497039234,0.18385805544959324,20
0.6818040997154678,-0.028690625416441184,0.012889475712517704,15
0.5760267073363338,0.9723320763696957,0.05635854904674558,15
0.47021143397472365,-0.1992150871741204,0.22688301080442477,20
0.4566939807262055,1.0414187098108036,0.1577963773633169,10
0.5804878051800009,-0.10668447814880466,0.06526576833800103,25
0.4271099914231616,0.9907403058151967,0.11594417233360803,25
0.4773491651847116,-0.15852151833889483,0.16778121252369813,25
0.5675667436469487,1.152909636096973,0.0056118822419217946,5
0.44934000652494743,-0.21233202181554556,0.05942238571857253,15
0.5871921728839303,1.1473854825569614,0.06494653925858404,5
0.6244831586818935,-0.18631695978892482,0.03893147723196344,5
0.6450541742456203,1.146649082166324,0.03966787762260067,25
0.6994633262916266,-0.14668178727753345,3.2705111209489e-05,20
0.6209559808478933,1.0924122024098295,0.05426958486770398,25
0.5842625639669249,-0.09472052248961027,0.002308320079780744,5
0.42055944745068174,1.0165999537262382,0.07812056876337188,25
0.49883441525196903,-0.06051084999998724,0.043910896273748994,25
0.4143585773330606,0.9421451364726723,0.11836571352731494,25
0.4272328116241846,-0.19230213302362453,0.2501569965509523,25
0.4302349524381729,1.0586286622132282,0.13367347081039643,30
0.6383851562542426,-0.08603988059366152,0.027411218380433314,25
0.6500112674618986,1.0786614129725631,0.007378467621098293,5
0.6260236142129798,-0.15107642933289112,0.07241501636032799,25
0.6797811177709943,1.1400748647063261,0.011001564626564932,25
0.5990284396738718,-0.1977199044565099,0.05764503975018381,25
0.6147732992082147,1.1522596292831797,0.04546027517333018,20
0.6332760265757296,-0.1825264509103678,0.030266821627188044,15
0.5803133384987661,1.1387427003083908,0.04378375060197703,5
0.47668466524906833,-0.15541688166647372,0.016674181358082945,15
0.5176590744718815,1.1244094637047413,0.03100741796173252,5
0.6493744365519716,-0.17282661174817227,0.04841714804343102,10
0.5206708368490021,1.0224669229966046,0.15035968875156766,10
0.6402951927767828,-0.0755057025699013,0.05303877957329671,30
0.6920011106076838,1.0691371392252305,0.0063685633446707406,15
0.4601117014493661,-0.16380819268067415,0.09467105345544372,25
0.4432731785125445,1.1029205604211394,0.06088763225953463,20
