0.3049750964608614,0.4105311818399182,0.2844937216992204,green
0.30050291055636835,0.0010216372685860444,0.6984754521750456,blue
0.6663178092090409,0.9859741011265775,0.01300426160483642,red
0.3871545812013536,0.45757812991066604,0.15526728888798033,green
0.3221276360352888,0.030722904454608322,0.6471494595101028,blue
0.5965376411133486,0.9080138074948303,0.06126328805056131,red
0.4245276034918272,0.47404746078763266,0.1014249357205401,green
0.36688151809187347,0.06181229999324595,0.5713061819148806,blue
0.6835073332868538,0.9256164066861058,0.012571293320648198,red
0.44285344716985053,0.4199951781084258,0.13715137472172367,green
0.34268693128384414,0.13578607243245272,0.5215269962837031,blue
0.439858949928395,0.6688508755467049,0.19536305202084236,red
0.35257210665620087,0.6314415498831312,0.015986343460668004,green
0.4553143382751683,0.07041063688156514,0.4742750248432666,blue
0.522740403574917,0.8090863305830964,0.12050303253533848,red
0.47112755972802906,0.45024951587554957,0.07862292439642139,green
0.3343674285239237,0.05485988951334036,0.6107726819627359,blue
0.5078022946332684,0.8396226147765734,0.10551749571008627,red
0.41763922320349456,0.4820615131276922,0.10029926366881325,green
0.4694063278864669,0.05781117025919762,0.4727825018543354,blue
0.6774343940454856,0.9374587836922492,0.004730046048553241,red
0.30998114557532175,0.6837576282047287,0.006261226219949508,green
0.339438430625964,0.21271564076936436,0.44784592860467165,blue
0.4503576428811134,0.6002263659577233,0.18705799327291242,red
0.30856592003022365,0.6475315584890686,0.043902521480707744,green
0.3578807861936516,0.014166758126089807,0.6279524556802586,blue
0.5008039333526464,0.9334934326183868,0.05233980925552342,red
0.3993379402598573,0.4875588397697021,0.11310321997044055,green
0.3068717516387307,0.14108631740857816,0.5520419309526912,blue
0.6030876529610707,0.8251204359555772,0.033793246635844695,red
0.36521206944235174,0.6047263188567336,0.030061611700914717,green
0.3313406587158745,0.22269651779790636,0.44596282348621913,blue
0.5147561812826321,0.620232978171916,0.15707050403017767,red
0.3011804005446199,0.40390308344630166,0.2949165160090784,green
0.34861549800671543,0.1653065394432177,0.48607796255006686,blue
0.6012623829041803,0.7950506864479541,0.0396427741088282,red
0.30253551675046064,0.6963804123803801,0.001084070869159299,green
0.4526506427056798,0.13891970198208606,0.40842965531223413,blue
0.666363742273125,0.8413693727076683,0.019710925310245684,red
0.36961700273371967,0.5878295361208488,0.0425534611454316,green
0.3210261583225641,0.06642312830156037,0.6125507133758755,blue
0.5387579486510443,0.8842698117043227,0.04930705999411689,red
0.31048233776363954,0.66778433398364,0.02173332825272045,green
0.3760034236144474,0.16134554120361536,0.46265103518193734,blue
0.6559269906749207,0.8266439703622501,0.012010488434134547,red
0.31467416691954875,0.6708908821015191,0.014434950978932144,green
0.30257821435794524,0.2300991857338907,0.46732259990816405,blue
0.6343346910334744,0.7548858123186457,0.015015001947463531,red
0.34683376949669054,0.40582647079093026,0.24733975971237926,green
0.30252197914091794,0.13791902465355543,0.5595589962055266,blue
0.5276644159874605,0.8072353216276317,0.05484565371881294,red
0.30038615514796807,0.6253795480095611,0.07423429684247089,green
0.31024869198409327,0.28736428713426404,0.4023870208816427,blue
0.47220503169093864,0.5510506391533239,0.16158507371241213,red
0.312894923644346,0.5992434524347205,0.08786162392093348,green
0.3312044162932124,0.024331537125429136,0.6444640465813585,blue
0.6240125555026272,0.9255781729556435,0.05009028991892738,red
0.3687995066988997,0.5404330697180931,0.0907674235830072,green
0.30761090499285665,0.09519141015108572,0.5971976848560576,blue
0.4715525585057422,0.8544113927829853,0.050397197065929066,red
0.36778439668009233,0.6213444063752644,0.010871196944643197,green
0.3503946699214723,0.1483656135479026,0.5012397165306252,blue
0.6493108749535473,0.8170623201263978,0.03457206632569968,red
0.3465680920045683,0.5883368823076375,0.06509502568779427,green
0.4787990250426979,0.08870776334952687,0.4324932116077752,blue
0.4207901618211486,0.7748406963735844,0.13645154027688872,red
0.3358358555804531,0.46091796962154546,0.2032461747980014,green
0.39509791666799593,0.08296694681862944,0.5219351365133746,blue
0.5514984176307515,0.8441684670322149,0.07286458614915563,red
0.3024738113474814,0.6636433402502153,0.033882848402303295,green
0.3035255077858081,0.2914131467461183,0.4050613454680736,blue
0.5470119499025325,0.6827687297157082,0.025818123538173515,red
0.33731619759252474,0.5775217579641739,0.08516204444330133,green
0.44418757040415535,0.009714679096758296,0.5460977504990864,blue
0.4121450310907544,0.9879836857398886,0.0023016351633531737,red
0.3230437053279225,0.6361076167324518,0.04084867793962577,green
0.3386398995640689,0.008728634678843102,0.652631465757088,blue
0.6738274689273309,0.973769468883831,0.017501896437325873,red
0.3273462587999062,0.6414256349137016,0.031228106286392124,green
0.3069332940803692,0.021919368442894556,0.6711473374767363,blue
0.45745849537874994,0.8142119935948087,0.16386863796229675,red
0.3051729425225226,0.4943479101058845,0.20047914737159286,green
0.3099421263008492,0.02729375381460815,0.6627641198845426,blue
0.49499114352264,0.7845162376651708,0.18819000852022105,red
0.4752124878794058,0.45174542901378506,0.07304208310680911,green
0.31000867040884783,0.008058673531404346,0.6819326560597478,blue
0.5871083937989564,0.959122737613372,0.0328185888552237,red
0.51327129066621,0.41214109383614667,0.0745876154976434,green
0.3139133118690255,0.13620884441891035,0.5498778437120642,blue
0.6810665658399508,0.8597230009244873,0.004068154656602371,red
0.3019463074526302,0.689226603470299,0.008827089077070912,green
0.3927742001854778,0.13334056770913763,0.4738852321053846,blue
0.5674402689992246,0.7820053026087356,0.08465412968212682,red
0.38320404481789455,0.4372508045918387,0.1795451505902668,green
0.3152710620366228,0.029111811971449738,0.6556171259919275,blue
0.44614289702382426,0.8324634028192098,0.13842478520934043,red
0.3055364816699424,0.6936677616729732,0.0007957566570843873,green
0.35298065527216693,0.040279567191413325,0.6067397775364197,blue
0.6134330509411234,0.8949689857538807,0.06475144705470592,red
0.3531164785477947,0.5434620076476127,0.10342151380459266,green
0.442017982225486,0.015446781799098792,0.5425352359754152,blue
0.4543615079460744,0.9106959967013654,0.07385722149953594,red
0.44236691701835323,0.44687392007118804,0.1107591629104587,green
0.3070052266832204,0.13287810574116363,0.560116667575616,blue
0.6972594937069216,0.8667881594070281,0.00033373485180822663,red
0.38055994107506125,0.4948440269889441,0.12459603193599464,green
0.3569731832873215,0.23552495456529177,0.40750186214738665,blue
0.42458470477442,0.6821163514409947,0.08235869399371352,red
0.3150661319206245,0.6763651847627237,0.008568683316651886,green
0.42522007751330526,0.04802816214863891,0.5267517603380558,blue
0.6641477527059162,0.9295834456659849,0.02238839218537619,red
0.3237489424101152,0.6654607841077473,0.010790273482137512,green
0.43584060030219485,0.10086154794378024,0.46329785175402494,blue
0.6582134912787745,0.8696589234039743,0.029479528652245436,red
0.3155167950322685,0.5097116600125027,0.17477154495522887,green
0.3019685065996087,0.05100796689725104,0.6470235265031402,blue
0.4976111037768588,0.9341197297537109,0.014872303349037996,red
0.5141203135855356,0.4320429705471729,0.05383671586729151,green
0.38448476971588813,0.03547288085658235,0.5800423494275295,blue
0.574937261386518,0.8989595803268616,0.065567538816556,red
0.4103210479681152,0.5179789288854579,0.07170002314642687,green
0.3258555415866077,0.023201719065707584,0.6509427393476848,blue
0.4183198112244698,0.8056986929001874,0.17109958803410502,red
0.3180241106259031,0.46261183224454117,0.21936405712955578,green
0.30754065346557197,0.03136199757743492,0.6610973489569931,blue
0.4705889682561508,0.8675706543289139,0.10106734809365117,red
0.30378190904775937,0.5002461322316156,0.195971958720625,green
0.36583202234808343,0.04187511494519601,0.5922928627067205,blue
0.6046147440294943,0.9178042335101592,0.04032065154464486,red
0.3588554466198248,0.4620214960650646,0.17912305731511052,green
0.36189146272724715,0.021126051116948104,0.6169824861558048,blue
0.5220393781267001,0.8160238260040517,0.1628501228790002,red
0.3982999641597945,0.5758740562754496,0.025825979564755804,green
0.4494974346441228,0.013709563971942862,0.5367930013839344,blue
0.40892176074065084,0.9667147213285087,0.019575714699548448,red
0.31770454373084644,0.6095573849160172,0.07273807135313634,green
0.3995169673537653,0.13323711870573876,0.46724591394049597,blue
0.6458777507980541,0.8557053664429868,0.011057514851274517,red
0.3087385361760895,0.654727763945004,0.03653369987890656,green
0.3215019200331672,0.0034632734160831608,0.6750348065507497,blue
0.5288378095321085,0.948433959452873,0.04810276713104378,red
0.35000665384367935,0.43543589183042297,0.21455745432589762,green
0.3023577887243381,0.001207393616808821,0.6964348176588531,blue
0.6822388982111287,0.9846933122707459,0.014099294112445392,red
0.32767172057972727,0.6587448771751909,0.013583402245081864,green
0.39295473657567986,0.03637140094296724,0.5706738624813529,blue
0.5551282610332543,0.913681712161838,0.04994688689519475,red
0.3729270959196609,0.5979380355496842,0.029134868530654896,green
0.41305446187344597,0.005119098085729835,0.5818264400408242,blue
0.5895779531493173,0.9117017596495742,0.08317914226469589,red
0.37787885976307367,0.582285208605138,0.039835931631788314,green
0.3012454850711578,0.10093196145596683,0.5978225534728754,blue
0.4792101499186007,0.6829248993232082,0.21614313922082498,red
0.4361798385323556,0.48492625320701205,0.07889390826063239,green
0.3202963524721949,0.058237190397976896,0.6214664571298282,blue
0.4852667205072958,0.7845131390627159,0.15724967053930713,red
0.36706570816226003,0.505684590453765,0.12724970138397496,green
0.313462008477976,0.128264435233849,0.558273556288175,blue
0.4004934947581265,0.6553360867750089,0.2163994779911421,red
0.399363279875696,0.5984997355275358,0.002136984596768305,green
0.44299620897255826,0.08233951899221319,0.4746642720352286,blue
0.663930698085704,0.9022648304797948,0.0153956505279921,red
0.34209889955286654,0.5956905168100405,0.06221058363709295,green
0.32644366436763966,0.006610216075338041,0.6669461195570223,blue
0.6501219220227783,0.9454162893026403,0.047973494622021565,red
0.472046055570794,0.4068474199596353,0.12110652446957074,green
0.5653612120344313,0.01028158791848662,0.424357200047082,blue
0.5486604160288548,0.9267612773243595,0.06295713475715375,red
0.31235340110957643,0.4655112609882529,0.22213533790217063,green
0.3370124391831186,0.0028346759531071085,0.6601528848637743,blue
0.6557325257518578,0.9917348018202015,0.005430522226691424,red
0.37022558218359114,0.4581300743019716,0.17164434351443722,green
0.34336575137987335,0.026578810264240665,0.630055438355886,blue
0.6161287668169784,0.9236803935080448,0.049740796227714525,red
0.3626129821722316,0.6322888279178002,0.005098189909968267,green
0.3919654255181424,0.12389861772186347,0.4841359567599941,blue
0.6420989636542579,0.8368580600972826,0.039243322180853926,red
0.429779782012073,0.40150676617444836,0.16871345181347863,green
0.32057982678762614,0.06128644142475696,0.6181337317876169,blue
0.4746326732356695,0.7950878749429202,0.1436256836323229,red
0.30194392390559033,0.6763372864754174,0.02171878961899227,green
0.3449142612901074,0.19954806900991642,0.4555376696999762,blue
0.5145198616729686,0.7410816782332189,0.05937025275686467,red
0.3609034742768039,0.5255757230116773,0.11352080271151879,green
0.36673223597685145,0.03535853253328794,0.5979092314898606,blue
0.45973865263747,0.725519805573591,0.23912166189312115,red
0.31389103588999545,0.6717799300080858,0.014329034101918749,green
0.40717394896934256,0.13842058361559795,0.4544054674150595,blue
0.4052463597661746,0.7538372098409979,0.10774220654340415,red
0.34722798547120626,0.6344888030610198,0.018283211467773872,green
0.41075541511601865,0.08757966015054118,0.5016649247334402,blue
0.6403002012413721,0.8753390242623187,0.03708131558714006,red
0.36005627254795136,0.5417216519797942,0.09822207547225449,green
0.30413225709187036,0.02764371509729087,0.6682240278108388,blue
0.5580527499745729,0.8871740408062944,0.08518224409641473,red
0.3858613486412532,0.5773409455518139,0.03679770580693288,green
0.5309773867566616,0.04763085267874855,0.4213917605645898,blue
0.6649370463191089,0.9461346733230882,0.006234473998163273,red
0.31412843762795895,0.6774742373586715,0.008397325013369513,green
0.3129987553382931,0.26701796046807463,0.4199832841936323,blue
0.6401395954933279,0.7109511682987757,0.022030871233149573,red
0.42260542989152183,0.45012639116308983,0.12726817894538836,green
0.4810779558920527,0.03590562432037183,0.4830164197875755,blue
0.5743654562577297,0.9372422273667881,0.02685214831284015,red
0.4621350290566919,0.49851752182815634,0.039347449115151756,green
0.3327172753951709,0.20242644417088923,0.4648562804339399,blue
0.4097586371251371,0.5981167342196096,0.19945682160950112,red
0.44921786779543194,0.424092943766192,0.126689188438376,green
0.31894719023878004,0.02407427989219344,0.6569785298690265,blue
0.671125359814058,0.971939295589497,0.003986424518309586,red
0.45862816883401897,0.4865450687050424,0.05482676246093862,green
0.36848259348265994,0.08313169262361536,0.5483857138937247,blue
0.6368451164038684,0.9115168592085621,0.0053514481678226,red
0.42025456798621413,0.47767617036444016,0.1020692616493457,green
0.30789255978607094,0.0008782303333365908,0.6912292098805924,blue
0.5902185389232626,0.9046462226950388,0.09447554697162468,red
0.32790561199334123,0.5920100845138551,0.0800843034928037,green
0.3313203562021671,0.03003457189862749,0.6386450718992054,blue
0.6392691543675376,0.9330516442752541,0.03691378382611841,red
0.4308013818244294,0.5450968300805017,0.024101788095068893,green
0.31116076301163076,0.09305621541830578,0.5957830215700635,blue
0.5282155924532959,0.8045563461491113,0.10238743843258288,red
0.3423326895118325,0.4775317305817106,0.18013557990645693,green
0.313416405059361,0.044929392742682,0.641654202197957,blue
0.6248086841312633,0.9272960417289159,0.027774565528402115,red
0.3780732476483435,0.4327171943825898,0.18920955796906666,green
0.45589503525486313,0.06124885059983214,0.48285611414530466,blue
0.6343634630394253,0.9005154087299664,0.038235740670201565,red
0.317531671527265,0.6762865335166504,0.006181794956084655,green
0.48274209742661195,0.08524297680163012,0.43201492577175793,blue
0.6051959114921552,0.8455090411721398,0.06924798202623017,red
0.36425372613659346,0.6286170303839798,0.007129243479426728,green
0.3314847270379387,0.02582300041957379,0.6426922725424875,blue
0.5623726089740799,0.8725466103387539,0.10163038924167228,red
0.5082610141312411,0.4484615240224343,0.04327746184632469,green
0.3554586955349175,0.1918375268149636,0.45270377765011893,blue
0.6025468832626772,0.7133500538120126,0.09481241937302383,red
0.3147772564049619,0.6826916802628478,0.0025310633321902875,green
0.3440271941992271,0.0046441036371940286,0.6513287021635789,blue
0.5870380911479798,0.9198451511354522,0.07551074522735374,red
0.39776809922831147,0.5921186620715178,0.01011323870017079,green
0.3996654426873961,0.10581560775752784,0.494518949555076,blue
0.6712188752534953,0.8939946580826262,0.0001897341598458948,red
0.37058771452547845,0.6002709331924887,0.0291413522820328,green
0.3734331773879289,0.11406998502192356,0.5124968375901475,blue
0.6422655908147843,0.8477620921434921,0.038167922834584415,red
0.3042073221354802,0.6935787679689357,0.0022139098955840713,green
0.4144898245431225,0.16939228682576807,0.4161178886311095,blue
0.5755586150806626,0.784204468675878,0.046403244498354014,red
0.5466581777921415,0.4344512179273472,0.01889060428051124,green
0.30664465068055824,0.024410427258074723,0.668944922061367,blue
0.46354244467854244,0.8526001316452548,0.12298944109667044,red
0.4695569387712262,0.4429151118511695,0.08752794937760432,green
0.3341632660703284,0.25500099598017933,0.4108357379494922,blue
0.504078709892231,0.7133340761342198,0.031664927885600845,red
0.33570206263316105,0.512084459675629,0.15221347769120996,green
0.3219808999251978,0.26384673197318526,0.4141723681016169,blue
0.6397423769645907,0.7062632725961993,0.029889995430615476,red
0.41171367812211146,0.498372686262594,0.08991363561529447,green
0.30227502158298125,0.015683976038832093,0.6820410023781867,blue
0.48855920638472106,0.8631012274149684,0.1212147965461995,red
0.4967254020515718,0.4878685410327779,0.015406056915650302,green
0.3150924345393573,0.0073086126536372285,0.6775989528070054,blue
0.50578374029698,0.9409165107129859,0.051774876633376925,red
0.32780057093720205,0.6720858921798242,0.00011353688297382863,green
0.3723298872101126,0.15744244305308955,0.47022766973679786,blue
0.6007178774370256,0.767350168818918,0.07520738812799242,red
0.30563171043961557,0.6864054884034398,0.007962801156944598,green
0.4014324808980919,0.026054632530586246,0.5725128865713218,blue
0.6829831721056767,0.9589345348888061,0.015010832580607595,red
0.38128273613657837,0.5739251247438732,0.04479213911954843,green
0.30306084540048894,0.014724109665409917,0.6822150449341011,blue
0.5969456372990181,0.9718405372044805,0.013435353130109583,red
0.30431006710942854,0.5067536796375157,0.18893625325305577,green
0.39572876596839,0.14120063573378103,0.46307059829782893,blue
0.5699921810594596,0.8168412265280579,0.04195813773816098,red
0.42005825789489004,0.5771731446957427,0.002768597409367316,green
0.35709534976113066,0.19823654408129524,0.44466810615757413,blue
0.416001467684646,0.602857428652854,0.19890602726585083,red
0.3233001847775444,0.6244104740663193,0.05228934115613623,green
0.4013454423942107,0.07063546587711074,0.5280190917286786,blue
0.5661190669125371,0.8133607386023812,0.11600379552050803,red
0.339815286881587,0.4761533548841267,0.1840313582342863,green
0.31782799394664957,0.07464154173580421,0.6075304643175462,blue
0.5450139277477382,0.7729780959004569,0.15238036236373903,red
0.3244350419592532,0.6689974181023772,0.006567539938369597,green
0.3070397533226057,0.047883215620569866,0.6450770310568245,blue
0.5507518071221872,0.8501267018746159,0.10199008250481419,red
0.3486784175660429,0.6323576914909349,0.018963890943022244,green
0.4133236253724454,0.16950403654786508,0.41717233807968956,blue
0.48885660523268615,0.6510736302740353,0.17942233317809964,red
0.3127560663414475,0.640164762112931,0.04707917154562149,green
0.40213162964316773,0.015548188730365795,0.5823201816264665,blue
0.6619803226417126,0.9681072307341266,0.016344580535507622,red
0.40314319008804045,0.5011297926039755,0.09572701730798405,green
0.42669499728713023,0.17101176955185596,0.4022932331610138,blue
0.6614319529642774,0.8265720474414427,0.0024161830067013354,red
0.3498157523198787,0.4597429855995889,0.19044126208053233,green
0.3038135900670782,0.009407169849282665,0.6867792400836391,blue
0.6552997026292324,0.9677590911610365,0.0228337389896808,red
0.4666931499737247,0.4887950151003744,0.04451183492590093,green
0.314199328995345,0.004545584347898868,0.6812550866567562,blue
0.4576806986814036,0.8253196351189226,0.17013478053317851,red
0.3110465178412679,0.6103527378403848,0.07860074431834727,green
0.3199571279250485,0.23012692675351928,0.4499159453214322,blue
0.5624560174569752,0.7399651290626441,0.029907944183836594,red
0.4289151168537182,0.45336667361619487,0.11771820953008698,green
0.3832009570272752,0.055480863374781864,0.561318179597943,blue
0.5198186151717504,0.7878896079678562,0.1566295286573619,red
0.3009574305017564,0.6987447707838691,0.0002977987143744928,green
0.39165854903962677,0.07443746479068453,0.5339039861696887,blue
0.5516488582394787,0.9194799351938037,0.006082600015511902,red
0.47132613415354274,0.5076528677357942,0.02102099811066301,green
0.3602354002425379,0.0068152153554916035,0.6329493844019705,blue
0.6143895729390454,0.9223494031604849,0.07083538148402356,red
0.5039942516895091,0.4238563633811129,0.07214938492937803,green
0.3434317803463683,0.0423207459548583,0.6142474736987734,blue
0.6498758475011246,0.9196097300243861,0.03806952402075558,red
0.49169514021759925,0.4132419366055397,0.09506292317686106,green
0.36839175825221426,0.06515198742309894,0.5664562543246868,blue
0.6181441814206674,0.8886987536545544,0.04614925892234668,red
0.4417833772947686,0.5010283939970075,0.05718822870822399,green
0.3043393969455727,0.03299353466028905,0.6626670683941382,blue
0.4710143386478211,0.7845984520554864,0.18240801328422449,red
0.3131965813656087,0.4189401360355691,0.2678632825988222,green
0.3047650843385567,0.0008198065648952525,0.694415109096548,blue
0.5811715517582656,0.928366162184268,0.07081403125083671,red
0.4868815622108545,0.4926744729404526,0.020443964848692896,green
0.30992021962119004,0.0009588343132305453,0.6891209460655794,blue
0.5543378601763861,0.9751997613025701,0.02384140438419935,red
0.37017171764419843,0.4961073439818465,0.13372093837395502,green
0.30297526561242205,0.0035624615704359422,0.693462272817142,blue
0.6240935467057278,0.9603324729907414,0.03610506543882265,red
0.4172508207810237,0.5392859130916625,0.04346326612731376,green
0.3049974709028117,0.028157565355337304,0.666844963741851,blue
0.41396960862819693,0.7398916274085247,0.2319508072361381,red
0.39919042052428877,0.5464910957264232,0.054318483749288084,green
0.35801752424398614,0.05506172105075381,0.5869207547052601,blue
0.4090059744453628,0.6618003685943279,0.28313791035491825,red
0.4844784476171226,0.4822361885006901,0.03328536388218724,green
0.42766030469573874,0.08690324232280515,0.48543645298145605,blue
0.6816377098494417,0.9019891568595819,0.01110760081761294,red
0.49650491531452084,0.40280599638967923,0.10068908829579991,green
0.4063590319587383,0.0002837794040831424,0.5933571886371786,blue
0.6722071055033367,0.9967482072064536,0.002968013389463174,red
0.43051401999227623,0.562584573912132,0.006901406095591745,green
0.3675548519109009,0.14561039192592612,0.48683475616317295,blue
0.47437729383003374,0.7846243858345578,0.0697652222395161,red
0.36062436453759217,0.4935927509036757,0.1457828845587321,green
0.38915590639743547,0.1842431396061002,0.42660095399646436,blue
0.5337706086745654,0.6705879516036795,0.14516890879022037,red
0.4064835639369764,0.5289535418030411,0.06456289425998256,green
0.4090375265084512,0.0951235468757519,0.49583892661579687,blue
0.6412040322513931,0.8868479265664173,0.018028526557830774,red
0.44833083875966806,0.5185433611071472,0.033125800133184745,green
0.3803567160438742,0.19260784975032774,0.4270354342057981,blue
0.5139528014967157,0.6571168430883422,0.15027530716133006,red
0.30137591047068935,0.6870322201670624,0.011591869362248196,green
0.3010185414127862,0.020350179889604237,0.6786312786976095,blue
0.614499261617645,0.9362030885869733,0.04344673152342253,red
0.3004537198304701,0.5817003743549412,0.1178459058145888,green
0.47939025794174156,0.026179642906300888,0.49443009915195757,blue
0.5349275688082015,0.8286466332755447,0.14517372381815444,red
0.3165335468828261,0.6646599550145422,0.018806498102631682,green
0.30598752623121966,0.12569112934162324,0.5683213444271571,blue
0.6810698790556087,0.867247245807369,0.007061624851007715,red
0.30102958032218574,0.6468672969338267,0.052103122743987575,green
0.3964828800122877,0.15321523448219665,0.45030188550551564,blue
0.5346936159681102,0.7147456561115589,0.1320391094062444,red
0.43236707193091606,0.5380562004944532,0.02957672757463072,green
0.39313265108498985,0.11757401845860425,0.4892933304564059,blue
0.46582374343209576,0.6833110200323333,0.19911496150906235,red
0.4548509772484034,0.44316958793862804,0.10197943481296852,green
0.3451762292314839,0.03687170728591642,0.6179520634825997,blue
0.5429498178696226,0.9250431014958598,0.03808519121822379,red
0.30045250652119515,0.6297796262737209,0.06976786720508395,green
0.48050440379984466,0.0958690682236764,0.42362652797647893,blue
0.5491946532261801,0.8194323733124012,0.08469855846392252,red
0.31300253706265735,0.6600511256120278,0.026946337325314866,green
0.32758303520141896,0.1011287436713978,0.5712882211271832,blue
0.5587851609214091,0.8725397397790067,0.026331516549595507,red
0.4804592140593903,0.4739581676232848,0.04558261831732493,green
0.31883886339407996,0.0938344312083079,0.5873267053976121,blue
0.4659052252022623,0.720910616589328,0.1852549522023641,red
0.4447160619027363,0.40689205315401084,0.14839188494325284,green
0.3632492388950931,0.0706380598305398,0.5661127012743671,blue
0.5550303998960628,0.8455222165865904,0.08383972358286973,red
0.31044968737350775,0.5151102034757218,0.17444010915077043,green
0.45086857736900515,0.03346977107779277,0.5156616515532021,blue
0.5432664600367474,0.8203828252991064,0.1461474036231007,red
0.30214603147271923,0.6356120634227131,0.06224190510456767,green
0.34589513680547135,0.1189352087529458,0.5351696544415828,blue
0.6465506832477853,0.8808090578060139,0.0002557334410402783,red
0.3277848402294159,0.5753290420350157,0.09688611773556842,green
0.39254428917755324,0.12381709941457594,0.4836386114078708,blue
0.6863044242825915,0.872162160354948,0.004020740230476024,red
0.32535543915522525,0.661223535126918,0.013421025717856742,green
0.3767614704578581,0.13069117253719928,0.49254735700494257,blue
0.6986457920497054,0.8681589448712095,0.0011498825915911722,red
0.43123707946155004,0.4552818937008402,0.11348102683760973,green
0.412253293907208,0.043591964892347713,0.5441547412004443,blue
0.6120635704156797,0.9114262900708505,0.044981745036801746,red
0.30759627795061684,0.6523842024397416,0.04001951960964162,green
0.3139216739593507,0.09499641617203565,0.5910819098686136,blue
0.4910698795623166,0.7835747420463548,0.12142884178160948,red
0.44459752424961263,0.4345238402936148,0.12087863545677252,green
0.3762632013283584,0.14874975102740123,0.4749870476442403,blue
0.5471326312392097,0.7839664852232473,0.06728376374935154,red
0.3559832222914545,0.4338488878465412,0.2101678898620043,green
0.30880311591559845,0.0044213973811719435,0.6867754867032296,blue
0.6567818719701193,0.9769356431004207,0.01864295951840731,red
0.4798394592347009,0.4093569817645268,0.11080355900077238,green
0.3161706306143428,0.01177833571208152,0.6720510336735757,blue
0.5441930378899977,0.922691453844785,0.06553021044313347,red
0.3296283796830385,0.6129466324561492,0.05742498786081228,green
0.3763055105018262,0.006718844567297368,0.6169756449308764,blue
0.4524325607974367,0.9241448988986688,0.06913625653403394,red
0.3504774982767439,0.58017761129427,0.06934489042898602,green
0.44521203379107244,0.11307490067917424,0.4417130655297533,blue
0.5217353195409317,0.841119203264751,0.0458058960560748,red
0.34320210725267797,0.5954831518963312,0.06131474085099089,green
0.3055388946516116,0.05156984958710381,0.6428912557612846,blue
0.40108132223023996,0.6919274337539219,0.2565027166589743,red
0.37007257694983,0.5536546181253503,0.07627280492481972,green
0.4954058495289578,0.07902114728704163,0.4255730031840006,blue
0.522545614557386,0.8333294459202691,0.08764940679268919,red
0.32108995820327857,0.6099358562867218,0.06897418550999965,green
0.5388090783792909,0.0333966835650169,0.42779423805569217,blue
0.677457626354206,0.9540309904979438,0.012572325937039278,red
0.35634701210406683,0.5467407469774308,0.09691224091850241,green
0.32366598598211427,0.2633168916970703,0.4130171223208154,blue
0.526688437346138,0.7247777952040593,0.01190531309887049,red
0.3350309154204474,0.6642529383777911,0.0007161462017614977,green
0.4322879224129886,0.04785713270258923,0.5198549448844222,blue
0.4819374288494585,0.7617339917108958,0.19040887558651504,red
0.3826271264846578,0.5861061832287748,0.03126669028656741,green
0.35914441334041936,0.11832200237379861,0.522533584285782,blue
0.4320049574936673,0.85910596027259,0.0225720373536113,red
0.44464089402942275,0.5549142214550193,0.00044488451555785795,green
0.45223093668656433,0.1414018968304287,0.40636716648300697,blue
0.6951244389823179,0.8565832283516717,0.0020148748178996896,red
0.3776729803217098,0.5889148537087087,0.03341216596958149,green
0.31847563250709093,0.17865073971376827,0.5028736277791408,blue
0.6948463679881636,0.8176675928909234,0.003681667395308339,red
0.302867180777209,0.6457922134894445,0.051340605733346575,green
0.4795650724135862,0.09447004864488423,0.42596487894152957,blue
0.6449560970678283,0.868880887679679,0.03664906367543679,red
0.4052324299882446,0.5082347497855774,0.08653282022617802,green
0.4400882789221976,0.009156385421325887,0.5507553356564765,blue
0.5342354806268106,0.9086024939919906,0.08224112058668354,red
0.30137795444278814,0.6984920618049424,0.00012998375226944362,green
0.3308667418172764,0.020524732397422474,0.6486085257853011,blue
0.4393774214158555,0.7794794400533362,0.1999958275492413,red
0.37325494919701696,0.5706880368291221,0.05605701397386097,green
0.37711153520611423,0.16390281513222243,0.4589856496616634,blue
0.5429812213025524,0.7338458279960536,0.1022513568717241,red
0.31454429334385936,0.5855560590395386,0.0998996476166021,green
0.32605560052463317,0.038934973480524625,0.6350094259948422,blue
0.6228318862032113,0.945436556211106,0.015628470308369356,red
0.37136060185018693,0.5478836812914627,0.08075571685835033,green
0.3275501793641775,0.05758913279470043,0.614860687841122,blue
0.4457565464258176,0.8658250175657481,0.07658584963955137,red
0.3392189877293611,0.6511878285240014,0.009593183746637549,green
0.38101011120815786,0.11402210107545983,0.5049677877163823,blue
0.6730713686974159,0.8835305081810563,0.002447390743483843,red
0.3190453799288474,0.6500465526515997,0.030908067419552883,green
0.37693148628519557,0.0030700320805228196,0.6199984816342816,blue
0.5165270199671064,0.8878015578620816,0.10912841005739563,red
0.307115313162026,0.6838566145679439,0.009028072270030128,green
0.34885076298499024,0.09042397301545209,0.5607252639995577,blue
0.4232960720658115,0.7286152297935384,0.18096079719100944,red
0.37554112430531783,0.5013266543604638,0.12313222133421838,green
0.3105162448709421,0.14407789799089896,0.5454058571381589,blue
0.5080262126674098,0.850773128926127,0.005148973082973992,red
0.4364390898756182,0.5086499626051788,0.05491094751920304,green
0.33204438070179954,0.014795583547506782,0.6531600357506937,blue
0.6909997072381757,0.9836930191539002,0.0015113972985931197,red
0.44034898582004167,0.42248033065058843,0.13717068352936992,green
0.37330110137837497,0.04510231800424608,0.581596580617379,blue
0.661916767251149,0.9396361370235653,0.015261544972188661,red
0.45330247218669206,0.5116812890525408,0.035016238760767045,green
0.3125493577880817,0.0021831508976340955,0.6852674913142842,blue
0.40386503869000023,0.9176866947328836,0.08013015436948231,red
0.37897610388407726,0.43057472370451494,0.19044917241140777,green
0.33899685204427155,0.008070548008636805,0.6529325999470916,blue
0.6683426338116873,0.9802674908336074,0.011661961157755798,red
0.3313651740422354,0.5204461221471652,0.14818870381059934,green
0.31107353330643167,0.18798498308368122,0.5009414836098871,blue
0.618100575545457,0.7319704720144213,0.08004454490189743,red
0.33992025285200067,0.5100288699716606,0.15005087717633867,green
0.3301254926784988,0.1524954477102768,0.5173790596112244,blue
0.4469043308552484,0.6611262271717436,0.18637832511797955,red
0.4875754902885797,0.5087722315601949,0.003652278151225354,green
0.36181496738801455,0.007214903750102344,0.6309701288618831,blue
0.5642261858478893,0.863268088725674,0.12951700752422365,red
0.3301460544465099,0.6286602628996867,0.041193682653803444,green
0.4089211920942518,0.049786201101622934,0.5412926068041253,blue
0.4990704157113998,0.8779750368671526,0.07223876203122452,red
0.37731089108865623,0.508883293614964,0.11380581529637983,green
0.36998365113031906,0.17690494669692292,0.45311140217275797,blue
0.5832650072745176,0.7386819329153809,0.0844131203876962,red
0.30752450649667196,0.5337026860489347,0.15877280745439334,green
0.37555744910806294,0.01249032680551004,0.611952224086427,blue
0.47933382394402246,0.8406351088287376,0.14687456436575244,red
0.4107765745280181,0.5015888000719414,0.08763462540004054,green
0.41848976702182683,0.16954551284455696,0.4119647201336162,blue
0.6410900598155593,0.811677068225446,0.018777418929996976,red
0.3448380617788469,0.5187543820626994,0.13640755615845374,green
0.3029613786168045,0.2539785196153267,0.44306010176786875,blue
0.42164967332338205,0.5837927778635025,0.1622287025211709,red
0.412498582677285,0.4283750682246289,0.15912634909808607,green
0.3306163891250101,0.030464865090448573,0.6389187457845413,blue
0.5971353030288342,0.8780096352396554,0.09152549966989612,red
0.3142835095842783,0.6056898305138814,0.08002665990184035,green
0.37079522677398213,0.17616390059204157,0.4530408726339763,blue
0.43585665157022585,0.8032442951753513,0.020591804232607085,red
0.5260598530443417,0.4321077089135399,0.041832438042118406,green
0.3031987400210839,0.05232780958574175,0.6444734503931744,blue
0.4262629597258213,0.7042584650114752,0.24341372540278303,red
0.3100554261990449,0.6576274319224968,0.0323171418784583,green
0.4647743627962201,0.1329196108475884,0.40230602635619145,blue
0.6488587902114048,0.8242862750824481,0.04279411406996343,red
0.35752726239523014,0.6346535073691454,0.007819230235624482,green
0.4927304619648245,0.07218306793661887,0.4350864700985566,blue
0.4164107113202464,0.9225737288586185,0.005243203204762563,red
0.33244140330476957,0.6354716812029617,0.03208691549226868,green
0.41535899817216815,0.04857943661826361,0.5360615652095683,blue
0.5997989324044204,0.8726480523217025,0.07877251106003393,red
0.3314743586733714,0.594604705951938,0.07392093537469052,green
0.3818777130407226,6.876744333097581e-05,0.6180535195159464,blue
0.49898089853977,0.9509699107653978,0.048961321791271196,red
0.39437316403963096,0.5806751319598722,0.024951704000496813,green
0.3036695989324964,0.007050467236617891,0.6892799338308857,blue
0.40022002350503866,0.7327823520563419,0.2601671807070402,red
0.4190460267980213,0.43679589539774977,0.14415807780422896,green
0.3257292015085467,0.0526889215101686,0.6215818769812848,blue
0.5433295153213156,0.8178921005470322,0.12941897794279925,red
0.36818813047395305,0.5837279860842824,0.04808388344176451,green
0.41927490842402526,0.07685653481628021,0.5038685567596946,blue
0.6473120034193507,0.8721264762580756,0.05101698892564424,red
0.46981060638736494,0.49259979050623515,0.03758960310639989,green
0.3360422030091539,0.08576956064228324,0.5781882363485629,blue
0.5033815893626751,0.7271518421012766,0.18707859725644022,red
0.30610588888210877,0.5939355233082855,0.09995858780960572,green
0.307362483571997,0.05400680206440022,0.6386307143636027,blue
0.44018370965479386,0.9321732134096409,0.013819984525958914,red
0.4199915301390093,0.43387752899099125,0.14613094086999948,green
0.3952220808638478,0.15059918201721786,0.45417873711893436,blue
0.6361765894768027,0.8178016293833269,0.03159918859945522,red
0.4091039770966406,0.5483127315958978,0.04258329130746161,green
0.3890112890517314,0.05045509584865655,0.5605336150996121,blue
0.634592662611827,0.912880003952531,0.03666490019881244,red
0.3995272054218601,0.4579123002591848,0.14256049431895507,green
0.4750855321628641,0.09204624468245838,0.43286822315467754,blue
0.6860432157344122,0.9050693336862556,0.002884421631285991,red
0.3351477496959132,0.6501909524315086,0.014661297872578173,green
0.3517951794226458,0.03288201267328195,0.6153228079040722,blue
0.42661501928930845,0.8612671157441123,0.10585087158260577,red
0.309322547782399,0.6819890030928333,0.008688449124767742,green
0.3882855947849746,0.09476856597221472,0.5169458392428107,blue
0.5300401461249091,0.8371095918744719,0.0681218421533134,red
0.39526943711550966,0.41450486375221995,0.19022569913227041,green
0.45834012404137064,0.04047146440319011,0.5011884115554393,blue
0.6040584892367881,0.8897794980362104,0.06974903756059948,red
0.41262765114651345,0.43702083821461757,0.15035151063886895,green
0.48904707252589913,0.030688852069403496,0.4802640754046974,blue
0.6826508802113107,0.9575415797965425,0.01176956813405396,red
0.33167040777157064,0.59670551018313,0.07162408204529941,green
0.3251892828365435,0.02629338157224986,0.6485173355912066,blue
0.4683737814985784,0.8224026131201753,0.15130400530757498,red
0.3212834123418129,0.6396247420152495,0.03909184564293751,green
0.4719072616204646,0.07252291883472971,0.45556981954480574,blue
0.4625306535325268,0.7972448495862925,0.1302322315789778,red
0.437618332024393,0.49871856724162694,0.0636631007339801,green
0.36575774200661526,0.16551142252046802,0.4687308354729167,blue
0.46450083190666525,0.7183616630051662,0.1161269144743658,red
0.418689078094861,0.564469537620896,0.016841384284243015,green
0.31994725165238186,0.004883005397982662,0.6751697429496355,blue
0.6082704009098681,0.9330701865691731,0.06204680803284423,red
0.4305303192139385,0.5246804857279059,0.0447891950581556,green
0.3864435585430791,0.17783007021311906,0.43572637124380187,blue
0.5692561259677043,0.7789305117878988,0.04323941799898218,red
0.3008177374633767,0.6974498365452024,0.0017324259914208474,green
0.4180587568509825,0.07836921089543455,0.5035720322535829,blue
0.5965312984522078,0.8599827110134144,0.06164807809115103,red
0.4565932143835002,0.49334418413278025,0.05006260148371956,green
0.3471967250940292,0.0031284554968674756,0.6496748194091033,blue
0.6472479339582355,0.9923014900061738,0.004570054496958737,red
0.34589275355812343,0.5736945558308597,0.08041269061101686,green
0.5118397419799005,0.029438785153846618,0.45872147286625303,blue
0.45029935984103464,0.7834719589406954,0.18708925590545805,red
0.4753003140907933,0.43619858942923895,0.08850109647996776,green
0.3282074765873605,0.11965401722091176,0.5521385061917278,blue
0.43060838255146283,0.7136912976643621,0.16665468511472617,red
0.4334112538209671,0.4100423355752212,0.15654641060381164,green
0.39195919872536117,0.06960258567540117,0.5384382155992377,blue
0.49072067615825976,0.8152398844167192,0.11515752990787952,red
0.5213435431705286,0.4413630871046834,0.03729336972478804,green
0.30258007985292906,0.0030508536176000922,0.6943690665294708,blue
0.683426299548281,0.9811891169492605,0.015760029433139488,red
0.4117902897274844,0.49769992316741846,0.09050978710509716,green
0.3152676009595704,0.1064375494674581,0.5782948495729715,blue
0.4693998313636678,0.7698826788644854,0.12367977166805659,red
0.4562699102848865,0.40670382884232525,0.1370262608727882,green
0.32387924602638374,0.0016569699010005152,0.6744637840726158,blue
0.41767873352562535,0.7470250129260145,0.25131801717298496,red
0.5403712360123633,0.4038394270088981,0.05578933697873869,green
0.5839756042006523,0.01265593556762794,0.40336846023171974,blue
0.42510141526336453,0.7998879895309213,0.18745607490145075,red
0.35528664005214816,0.54238818270679,0.10232517724106183,green
0.3252920849648897,0.12563119052968383,0.5490767245054264,blue
0.6664516337744382,0.8623904312890404,0.011978378181275739,red
0.33516543930211506,0.5154202868757236,0.14941427382216133,green
0.3250341282022493,0.02864422095159538,0.6463216508461553,blue
0.6942409841089379,0.970383074586086,0.0009727044623186304,red
0.4350584777392324,0.4213703713747185,0.14357115088604908,green
0.32387724498136744,0.010857600923975754,0.6652651540946568,blue
0.4819346654833103,0.9625988544173179,0.026543544658706373,red
0.3167909641255115,0.4289548850158496,0.25425415085863895,green
0.3539530305708074,0.20153211675621627,0.4445148526729763,blue
0.41161583103261107,0.5484586267016374,0.2500092565421464,red
0.3180517292801823,0.6248621154328127,0.057086155287005044,green
0.3069976744375425,0.006088656361242498,0.686913669201215,blue
0.45574797321798527,0.8926075782105097,0.10130376542824776,red
0.399436777653407,0.5987375027739443,0.0018257195726486153,green
0.3549010798902292,0.03081643656562165,0.6142824835441492,blue
0.5851751266564419,0.9557435375451161,0.013440025889262288,red
0.3417968752732371,0.646023676064488,0.012179448662274923,green
0.3716449999853841,0.0634365121546518,0.5649184878599641,blue
0.5764628306548203,0.9148344330667371,0.02172905477861111,red
0.4232494092075231,0.503206623083756,0.07354396770872093,green
0.4078941377898351,0.08491428720180359,0.5071915750083613,blue
0.6831983592081303,0.9056013669190698,0.00948434587912656,red
0.33538055393866917,0.6203954787628604,0.04422396729847048,green
0.41217518261191616,0.15399192082451668,0.43383289656356716,blue
0.48074328051191595,0.6930960084876487,0.15291207068783463,red
0.30991798939962645,0.5980496996488265,0.09203231095154703,green
0.37435490675111743,0.1541109959355184,0.47153409731336415,blue
0.4560810877309858,0.6577811721809976,0.18810783188348387,red
0.3085875111138562,0.6896290257812276,0.0017834631049161507,green
0.43086437828212987,0.039775646939145134,0.529359974778725,blue
0.408527908760882,0.9118402832356391,0.04838406982521569,red
0.3788554879544721,0.5729286641139014,0.048215847931626504,green
0.33800197850733527,0.13397483460035828,0.5280231868923064,blue
0.5870574871053078,0.8193514086325213,0.04667375676712042,red
0.39098580974291264,0.40496975909328337,0.20404443116380397,green
0.5368010577974114,0.02782152099328544,0.43537742120930323,blue
0.5556590379867841,0.8884695833504361,0.08370889565627845,red
0.38667785671820465,0.5712450334791005,0.04207710980269483,green
0.449371643293365,0.10340471492690953,0.44722364177972557,blue
0.42042556622420735,0.8614321100569503,0.03516317501614016,red
0.33004861018071663,0.5750372439743926,0.0949141458448908,green
0.323711805494249,0.12286311190493042,0.5534250826008206,blue
0.4641428607729453,0.7239804370098613,0.1531564510852084,red
0.31668728564057336,0.6484937899803769,0.03481892437904971,green
0.41625488745397854,0.07805943905112234,0.5056856734948991,blue
0.4143777571745683,0.7386495384131979,0.18329102253567978,red
0.31527957875131574,0.6315630760424547,0.05315734520622957,green
0.308366068531516,0.015050912871204787,0.6765830185972792,blue
0.6828180131543233,0.9725758195505558,0.012373267578239389,red
0.3036640106386046,0.6904688347737575,0.005867154587637923,green
0.31807807594938226,0.0869240637824978,0.59499786026812,blue
0.46615532855825115,0.7187972097310832,0.194278726486419,red
0.30839821778231147,0.6910802375774038,0.0005215446402847769,green
0.34033498215172386,0.18889120806164153,0.47077380978663463,blue
0.5771025105884009,0.7035428508419843,0.10756594109637416,red
0.30370764876932554,0.6948499353408646,0.001442415889809825,green
0.37610838231831073,0.05288576673256325,0.571005850949126,blue
0.4842927699390866,0.8197862124560742,0.12732802081136252,red
0.3173988969197482,0.678590592275798,0.004010510804453847,green
0.39954957789918216,0.07268889105000938,0.5277615310508085,blue
0.4635450697625196,0.904516085568605,0.022795023381385643,red
0.4078298708022068,0.5470433561780694,0.04512677301972377,green
0.4352779395443668,0.09980680714356148,0.46491525331207173,blue
0.6961775920801785,0.8969922895727422,0.0032009032836962433,red
0.3413374686804074,0.6180673472881859,0.04059518403140672,green
0.38983835874866063,0.033162512193670994,0.5769991290576684,blue
0.5162058239696592,0.7831504590414986,0.18368702876483045,red
0.35841653076682123,0.6410964132845868,0.0004870559485919499,green
0.32043254638610025,0.20919854546525601,0.47036890814864374,blue
0.5333500877533686,0.688451929621194,0.10234952491355001,red
0.3206522576910751,0.6147588833777219,0.06458885893120306,green
0.4291227040949638,0.06025452267382502,0.5106227732312112,blue
0.44911409084129766,0.9013430227176776,0.03840245460849739,red
0.3660225211583784,0.6203319369369396,0.013645541904682002,green
0.3166710359832594,0.07737393201705522,0.6059550319996854,blue
0.5105299391670757,0.7878555306106643,0.13477053737228056,red
0.41419391141360296,0.5190080627150117,0.06679802587138536,green
0.3057517782466119,0.0010977499109273952,0.6931504718424607,blue
0.5857775497463253,0.9325948630880191,0.06630738700105358,red
0.3009222175449643,0.6939226213762962,0.005155161078739432,green
0.301175607090743,0.20767275904666235,0.49115163386259464,blue
0.5357810656591329,0.6729992498657825,0.11932799108755505,red
0.3718745148554397,0.4327216188603616,0.1954038662841987,green
0.35664228545652976,0.10711216543380728,0.5362455491096629,blue
0.515721867285998,0.7952336534987611,0.09765418106743161,red
0.3913194425126064,0.4521274605322281,0.15655309695516553,green
0.36347791381602096,0.0724224207057615,0.5640996654782175,blue
0.6662684940944222,0.9229469801855776,0.004630599108660841,red
0.3213374224280775,0.6204061577753907,0.05825641979653184,green
0.3301784957380021,0.12533427273990655,0.5444872315220913,blue
0.4588266121243865,0.7982908874538337,0.07637483980625975,red
0.392975836927948,0.5303799379438484,0.07664422512820362,green
0.30939146798355255,0.01879206155819248,0.671816470458255,blue
0.612471126877016,0.9070048750715658,0.07420306337024177,red
0.42652362707822267,0.5298024737247125,0.04367389919706493,green
0.3989209050119744,0.12795572700074634,0.47312336798727933,blue
0.5141228359616082,0.8452751456343017,0.026769127364951933,red
0.40085680122891243,0.4161197102270322,0.1830234885440554,green
0.324889086168266,0.05034020731014514,0.6247707065215888,blue
0.6623393576999723,0.9226675739664556,0.02699221872339931,red
0.30123965145151765,0.6981597206060226,0.000600627942459754,green
0.30019708019427527,0.00025520215189243835,0.6995477176538323,blue
0.5406375515741861,0.9236562757918882,0.07608852205621933,red
0.4255127016931464,0.4398657628595955,0.13462153544725808,green
0.38844835246952925,0.0047860693894274,0.6067655781410434,blue
0.6054670382410359,0.9116817501603982,0.08353218045017438,red
0.30030505062546564,0.47784158012698674,0.2218533692475476,green
0.42229524544243435,0.05102016366849979,0.5266845908890658,blue
0.5135102871028847,0.867466503031266,0.08151333330023416,red
0.3024901858643593,0.6919370830831059,0.005572731052534824,green
0.3949356442574887,0.0826379839689784,0.5224263717735329,blue
0.5496475393383062,0.8292375480110695,0.08812446801995207,red
0.30406330340647947,0.6738363351593671,0.02210036143415339,green
0.33095545096536233,0.07065672012257734,0.5983878289120603,blue
0.42325678990031107,0.7907806133120008,0.13856266656542188,red
0.32435180958183485,0.5073086787146834,0.1683395117034817,green
0.33824587780304577,0.009396565045014233,0.65235755715194,blue
0.6143370752895495,0.9658993379604066,0.024704096994579216,red
0.3743574114455019,0.47790061807375556,0.14774197048074253,green
0.41382097095233156,0.1633476761714569,0.4228313528762115,blue
0.4399576610886292,0.6235890896680771,0.213063234160466,red
0.3516670282165033,0.5803173511412099,0.06801562064228689,green
0.32150216178824487,0.03385221565386265,0.6446456225578925,blue
0.49209938526394387,0.8621826299520133,0.10396515439412403,red
0.34419660518350803,0.5935185771774745,0.0622848176390175,green
0.5303610932831502,0.036168779419932774,0.433470127296917,blue
0.4949727857530615,0.8530198986284515,0.11081132195161568,red
0.3882645869055368,0.5913977222629416,0.020337690831521642,green
0.349281528608148,0.2014952068947101,0.44922326449714184,blue
0.4817829563395578,0.7866466525579728,0.01185814054731705,red
0.36851539205989325,0.5388288949537696,0.09265571298633708,green
0.4461423841282442,0.013054636660255577,0.5408029792115002,blue
0.40317353619583973,0.8999029786872756,0.08704238465246883,red
0.40545000876433945,0.5889435153118885,0.005606475923772044,green
0.42177485430125383,0.025785700660243438,0.5524394450385027,blue
0.5712537140294884,0.9048553870705741,0.0693589122691824,red
0.306794309959433,0.5703840719545661,0.12282161808600091,green
0.513600294576486,0.010752441534277143,0.47564726388923684,blue
0.5039844695935116,0.9715198368854442,0.01772772158027867,red
